/*
 Navicat MySQL Data Transfer

 Source Server         : www.zealot.group
 Source Server Type    : MySQL
 Source Server Version : 80022
 Source Host           : www.zealot.group:13307
 Source Schema         : king

 Target Server Type    : MySQL
 Target Server Version : 80022
 File Encoding         : 65001

 Date: 06/12/2020 12:14:12
*/

SET NAMES utf8mb4;
SET FOREIGN_KEY_CHECKS = 0;

-- ----------------------------
-- Table structure for admin_lable
-- ----------------------------
DROP TABLE IF EXISTS `admin_lable`;
CREATE TABLE `admin_lable`  (
  `id` bigint NOT NULL AUTO_INCREMENT,
  `insert_time` datetime(0) NULL DEFAULT NULL,
  `name` varchar(200) CHARACTER SET utf8mb4 COLLATE utf8mb4_0900_ai_ci NULL DEFAULT NULL,
  `update_time` datetime(0) NULL DEFAULT NULL,
  PRIMARY KEY (`id`) USING BTREE,
  UNIQUE INDEX `UKqydekm0y4umsaa3f6wjspkhmm`(`name`) USING BTREE,
  UNIQUE INDEX `UK78v58qc921lfph71ti8uwotok`(`name`) USING BTREE
) ENGINE = InnoDB AUTO_INCREMENT = 23 CHARACTER SET = utf8mb4 COLLATE = utf8mb4_0900_ai_ci ROW_FORMAT = DYNAMIC;

-- ----------------------------
-- Records of admin_lable
-- ----------------------------
INSERT INTO `admin_lable` VALUES (2, '2020-02-13 02:26:07', '香烟', '2020-02-17 14:39:44');
INSERT INTO `admin_lable` VALUES (4, '2020-02-13 03:21:44', '酒水', '2020-02-18 03:41:07');
INSERT INTO `admin_lable` VALUES (6, '2020-02-14 03:19:54', '黄山', NULL);
INSERT INTO `admin_lable` VALUES (22, '2020-02-18 13:55:29', '321', NULL);

-- ----------------------------
-- Table structure for admin_picture
-- ----------------------------
DROP TABLE IF EXISTS `admin_picture`;
CREATE TABLE `admin_picture`  (
  `id` bigint NOT NULL AUTO_INCREMENT,
  `insert_time` datetime(0) NULL DEFAULT NULL,
  `update_time` datetime(0) NULL DEFAULT NULL,
  `bytes` blob NOT NULL,
  `name` varchar(200) CHARACTER SET utf8mb4 COLLATE utf8mb4_0900_ai_ci NULL DEFAULT NULL,
  `path` varchar(200) CHARACTER SET utf8mb4 COLLATE utf8mb4_0900_ai_ci NULL DEFAULT NULL,
  PRIMARY KEY (`id`) USING BTREE,
  UNIQUE INDEX `UK91cawjowi232x30q664n0p3x1`(`name`) USING BTREE,
  UNIQUE INDEX `UKsieic1wbo4yawp5tr5jrkqs0s`(`name`) USING BTREE
) ENGINE = InnoDB AUTO_INCREMENT = 6 CHARACTER SET = utf8mb4 COLLATE = utf8mb4_0900_ai_ci ROW_FORMAT = DYNAMIC;

-- ----------------------------
-- Records of admin_picture
-- ----------------------------
INSERT INTO `admin_picture` VALUES (6, '2020-02-18 03:15:45', '2020-12-06 09:48:58', 0xFFD8FFE000104A46494600010101004800480000FFDB004300090607080706090807080A0A090B0D160F0D0C0C0D1B14151016201D2222201D1F1F2428342C242631271F1F2D3D2D3135373A3A3A232B3F443F384334393A37FFDB0043010A0A0A0D0C0D1A0F0F1A37251F253737373737373737373737373737373737373737373737373737373737373737373737373737373737373737373737373737FFC0001108019A028A03012200021101031101FFC4001C0001000203010101000000000000000000000506030407020108FFC4005110000201020204060D080902050305000000010203040511061221311341517181B107143233355261739192A1C1D115223436537293B21623425455627494E182B3436384A2F0244464172583A3F1FFC4001A010100020301000000000000000000000000020301040506FFC400341101000201020404040406030101000000000102030411122131320513517114334161228191B1154252A1C1D123E1F034F1FFDA000C03010002110311003F00ED20000000000000000000000000000000000000000000000000000000000035EF3B98F39ABD26D5E7731E730518A9558A96D4D9757B5AF7EE78E91D26EF6BD2F13DAC76BD2F13DAC71431C12D2E91D26EF6BD2F13DAC76BD2F13DAC7141C12D2E91D26EF6BD2F13DAC76BD2F13DAC7141C12D2E91D26EF6BD2F13DAC76BD2F13DAC7141C12D2E91D27BAD151A9251D88D98D0A4E316E1C5CACCCCECC45665A7D23A4DDED7A5E27B58ED7A5E27B598E2867825A5D23A4DDED7A5E27B58ED7A5E27B58E283825A5D23A4DDED7A5E27B58ED7A5E27B58E283825A5D23A4DDED7A5E27B5986E69C21ABA8B2CF7ED116DC9ACC3CDBF7E8F4F51BA695B77E8F4F51BA42FD56E2E800082C000000000000000000000000000000000000000000000000000000000000000000000000000000000000000000000000000000000000000000006BDE7731E730DBF7E87399AF3B98F3986DFBF439CB6BDAA2FDEDE05734FAF6EB0FD1AAD71635EA50ACAAD34AA437A4E5B51CCFF4AB483F8CDD7ACBE0622374B776F0710FD2AD20FE3375EB2F80FD2AD20FE3375EB2F819E1937876F0710FD2AD20FE3375EB2F80FD2AD20FE3375EB2F80E1937876F0710FD2AD20FE3375EB2F819AC349F1FA97F6B09E2F75284ABD38C936B6A7249ADC63864DE1D6AE3BF4CDD87711E6469DD77FA9CE6E43B88F32336E908D7ACBD000826000000001AD79BA1D26C9AD79BA1D24ABD51B7463B6EFD1E9EA374D2B6EFD1E9EA374C5FAA58BA00020B000000000000000000000000000000000000000000000000000000000000000000000000000000000000000000000000000000000000000000001AF79DCC79CC36FDFA1CE66BCEE63CE61B7EFD0E72DAF6A8BF7B4F4BEDFB6F03AB478075B3A94DEA28EB67B790A27C86FF00854BF01FC0E9F75DE5F3A34F3F299AF46BE7C537B6FC530E79F21BFE152FC07F03C55C269D049D6C3E34D3D89CE9659FA4E8DB794D4C530F8E256DC139EA4E19CE12CB3C9E5B9F9192516D3DB6FC369DDCFF00B46D17FEDA8FAA8DA5804E494A3845469ACD356EF26BD065D1CA5471BC4616BAF384351D49ECDAD26B34B9F33A74528A518EC8AD892E221C71F44A9A3CD1331977AB957C86FF00854BF01FC0CB698238DE5BCBE4B92D5AB079F00F66525B7717FDADE4B36DF123D52CD5586FEE8991A69DFBA5F6EBBFD4E73721DC47991A771DFA7CE6E43B88F32216E90DDAF597A00104C0000000035AF3743A4D935AF3743A4957AA36E8C76DDFA3D3D46E9A56DDFA3D3D46E98BF54B1740004160000000000000000000000000000000000000000000000000000000000000000000000000000000000000000000000000000000000000000000035EF3B98F3986DFBF439CCD79DCC79CC36FDFA1CE5B5ED517EF6C5D7797CE8F1421095BC9B8A6F6ED361A5259349A7C4CF8D28D3692C924F6231BF266639EE8F49BDC9B7E43D53EE9FDD975333596F9F418DF7FA9CD2EA64A67AC2111D25CFF00B1BF87FF00E927D713A71CC7B1BF87FF00E927D713A71463ED74FC47E77E4C14683A75252D64F6648C73FA5FFA91B679708B96B64B597196EEE7CD797269DC77E9F39B90EE23CC8D2B8EFD33761DC479919B74862BD65E800413000000000D6BCDD0E9364D6BCDD0E9255EA8DBA31DB77E8F4F51BA695B77E8F4F51BA62FD52C5D0001058000000000000000000000000000000000000000000000000000000000000000000000000000000000000000000001A7798AE1D635153BCBFB5B79B59A8D5AD18B7E5C9B335E5676F695EB4526E9D394D27C792CCFCEF73715AEEE2A5C5CD4954AD524E539C9ED6D9564C9C1B2EC38BCCDF7977BFD22C13F8C61FF00DCC3E23F48B04FE3187FF730F89F9FC157C44FA2FF0085AFABF407E91609FC630FFEE61F11FA45827F18C3FF00B987C4FCFE07C44FA1F0B5F57E80FD22C13F8C61FF00DCC3E23F48B04FE3187FF730F89F9FC0F889F43E16BEAFD01FA45827F18C3FFB987C4F7431CC26E2AC28D0C52CAA559BCA3085C45B6F9124F69F9F09AD0BFAD58679F4233CCCEDB316D34444CEEEF200369A6D7BCEE63CE61B7EFD0E7335E7731E730DBF7E87396D7B545FBDBC1ACD35CA0104D8E9528D2CF26DE7CA789D18C784A99BCF55BCBA0CE78ABDEA7F75F519DE4888E4E69D8DFC3FFF00493EB89D38E63D8DFC3FFF00493EB89D38AF1F6B7BC47E77E40009B45A171DFA66EC3B88F3234AE3BF4CDD87711E644EDD210AF597A008CC7F1CB2C06CFB62F679CA5B2951877751F225D6F888269320F12D2DC0B0E94A15AFE152A2FF0087413A8F99E5B174B399E3FA5389E392946B55742D5F736D45B51FF53FDA7CFB3C8422492C92C919D99D9D3AAF649C2E2FF55657D5172B508FBCF547B2461137956B5BEA5E5D48C97B1E672F067667676EC3349307C564A1657F4A555EEA53CE137CC9E4DF41B97AB2D4E9382B49EF59963C0F4C310C35C28DDCE77966B66A54967382FE593EA7B398446D28DA378E4EA76DDFA3D3D46E913835F5B6254A95D59555528CF3DBB9C5E5B535C4FC84B18BF531740004160000000000000000000000000000000000000000000000000000000000000000000000000000000000000000060BFBA85958DCDDD44DC28529D5925BDA8A6DF519C8DD26FAB78B7F455BF23313CA1988DE5C6B14D2DC6F11AF52A54BFAD4A13CD703466E104B9325BFA736418073A6667ABAB1588E8006C768DE7EE773F832F818DD96B833F695E7EE773F832F80ED2BCFDCEE7F065F01BC0C00CFDA579FB9DCFE0CBE03B4AF3F73B9FC197C06F030137A13172D2BC314566F874FA126D9A1430AC4AE27A9430EBCA92E48D093F71D2BB1F686D7C2EBFCA98AC542E755C68D1CD374F3D8E4DF2E5B32E46F3DBBACC759B4C6CAB2DE2B59DD7D001BEE6B5EF3B98F3986DFBF439CCD79DCC79CC36FDFA1CE5B5ED517EF6F000826182EABD1A34E4AA548C5B8BC937B5ECE43257A9C151A9537EA45BC8AC4E72A93739BCE6F7B6696B357E46D111BCCB674F83CDE73D2107A1165738662FC3DF52746976BCA1ACDA7B738E4B667C8CBA5EE336F6F475E94675E5C5182CB2F2B7C4885073A3C432C46D110E865C15CB7E3B25B0AC6E8E2155D174DD2AB93693966A596FC992C55B08B4D6C6E9D586C8422E72CB97765D399693A9A3CB7CB8F8ACE76A71D697DAAD0B8EFD33761DC47991A571DFA66EC3B88F32376DD21A95EB2D4C6713B7C1F0DAD7D74FE6535B229ED9C9EE8AF2B6715C5B13BAC62FEA5EDECF5AACF6462BB98478A2B912FF2597B2662D2BBC5E186D397EA2CD6734B74AAC967EC4D7A594E310B62000190000000012FA338E56C07118D786B4A849A55E92DD35CABCAB88ED16D5E95D5BD3AF426A74AA454A325C699C00E8DD8BF16954A35F0AAD2CDD2FD6D1CFC56FE72F4B4FA591B4330BE800832000000000000000000000000000000000000000000000000000000000000000000000000000000000000000011BA4DF56F16FE8AB7E464911BA4DF56F16FE8AB7E4662DD12AF587E7E001CE755EA977EA7F7E3D68EBB75714EDE33AB5EB469538BDB39CB24BA59C8A977EA7F7E3D68EA18F6154B18B576D56ACE9EAD4538CE2B3C9ED5B571EF669EA6226D5DFA2757AF96B0DFE2969F8CBE265B7C46D2EAA7076D7B46B4D2CF569D54DE5CB9159FD06A3FC4AA7E02F89B983E8A51C32FE9DE76E54AD2A69EAC7514566D659BDAF8994CD716DCACCF358B3978CFD26A55C56C2954953AB88DB4271794A32AC934F91ED36D3C9A6552E3426DEAD7A95217F56119CDC945D252CB379E59E7B4852293DD3B333BFD174D1BC5B0FAB7B2A34F11B5A95271CA105593727E459ED2D2734D19D06B7862D46E677F567DAD38D55054D4737169ADB9BD999D2CEE68A22317E1E8E66ABE600036DACD7BCEE63CE61B7EFD0E7335E7731E730DBF7E87396D7B545FBDBC00209B1DC53E16854A7BB5E2D158946519384D3524F269F132D66B5DDAD1AD094EAD34E4A2F27B9EE34759A49CFB4D679C36B4D9FCBDE27A4AB8080D1BC56E6FEB55A57738C9AA6A71CA2971EDDDCE89F389931CE3B70CBAF689ACED299C0E0950A93E394F2F42FF0024991580CFE6D6A7C8D4974ECF712A77F4531382BB38BA9DFCD9DDA171DFA66EC64A34E3296C8C639B34AE3BF4CC988B71C26EA4B7AB69B5EAB376DD21AB4EB2E1977733BCBBB8BB9BCE55EACAA3E96D988F34FBDC7991E82D00000000000009AD0DBB767A4D6135BA7538292E552F9BD6D3E8214DBC264E38AD9496F55E9B5EB203BC000A92000000000000000000000000000000000000000000000000000000000000000000000000000000000000000008DD26FAB78B7F455BF232488DD26FAB78B7F455BF23316E8957AC3F3F005B746346685D5A42FB12529C6A6DA54536965CAF2E5E2472EF78A46F2EB446EAA52EFD4FEFC7AD1D827DDCB9D90777A2F855782E06DFB5AA45A719D26F978D379326DBCDB7CAF33473E58C9B6C9C46C8BD22C4E584E192B8A508CEACA6A9D352DC9BCF6BE6499ABA298D56C5E8578DD460ABD092CE505929279E5B389EC648E2D8751C56C67695E528A6D4A338EF8496E660C0B06A3835BD4A74EA4AAD4AB24EA5492CB3CB724B896FF49089A79731F5679EE932B7A55A4173855C51B6B2853E1250E1273A91CD659B4925D0CB210F8F68FD1C6674AA4AB4E855A6B575E3152D68E79E4D7BFCA6314D62DF8FA13BEDC962D08BD588DAC2F35351D5A59CA2B7269E4F2F2668B495BD11B5A563056B41354E952518E7BDEDDADF95BDA590EE68B6F2797ACB97AAF992000DB6BB5EF3B98F3986DFBF439CCD79DCC79CC36FDFA1CE5B5ED517EF6F0008261E2AF7A9FDD7D47B3E34A49A7B9A6981CA342E9F0988D5E58DA4E4BA1C7DC5B0F5A37A20F07BEAF5EADE2AD095274A9C54326A2DACDBDBBF6711F251709384B7C5B4FA0E1F88639ADAB6F577233D32DE786776EE0D5352F5478A7171F7FB89E2AD4AA3A5561516F84932D09A6935B53599B5E197DE934F4FF2D0D6D76BC5BD5A371DFA67BC4FC0F77FD2D4FCACF171DFA67BC4FC0F77FD2D4FCACEACF4873E9D65C1A9F7B8F323D1E69F7B8F323D05C00030000000001B585F84ECFCFC3F32354DAC2FC2767E7E1F9901DE4005490000000000000000000000000000000000000000000000000000000000000000000000000000000000000000046E937D5BC5BFA2ADF9192468E3B42A5CE0788DBD18EB55AB6B56108F2B71692F4989E8CD7AC3F3D3DC74FD1DB9A77581D9CE935F329469C92FD9925935EFE9398B593C9EC68DAC3713BCC2EACA76559D3D6EEE2D671973A6723363F32BB43B113B3AA8237476FAB6238451BBB9D4E16729A7A91C96C6D2D8491CEB44D67695819E1677538A942DEAB8BDA9A8980C1718863946A4B82C59C287FC38AB583D45C8DB5B4BF4D8A996FC369D98E1BDA76AEDF9A43B42F3F75ADEA98EADADC5186B55A15211DD9CA3B083BDC6B4BA941CECF13A35D2DBA8ED6119747133D68FE33A498AD3A95316AE959B5AB183A1184AA4B3DFBB3C965D26CE6D1E3C549B4DA529C39A238A66BB7BCFFA5AB47BE9357EE7BC9E20747FE9357EE7BC9E37741F221C9D57CD90006E35DAF79DCC79CC36FDFA1CE66BCEE63CE61B7EFD0E72DAF6A8BF7B78004130000080C5A97057B27FB3516B2F793E686314385B5D78AF9D4DE7D1C7FF009E434F5D8BCCC33B758E6D8D2DF83247DD044F6135B85B3516FE753F9AF9B8BD9D4409B586DC76BDCAD679539FCD9793919C9D1E6F2B2C4CF49E4E86A71F1E3E5D612771DFA67BC4FC0F77FD2D4FCACF371DFA67AC4FC0F77FD2D4FCACF4B3D21C4A759706A7DEE3CC8F479A7DEE3CC8F4170000C0000000006D617E13B3F3F0FCC8D536B0BF09D9F9F87E64077900152400000000000000000000000000000000000000000000000000000000000000000000000000000000000000000000AD62FA0D81E2B752B9AB46A50AD379CDD09EAA9BE569A6B3E62AF7DA0F8450BAA94A13BCD58BC9675572731D2AAD5A7469BA95A71A705BE53924974B2AD7B5E95CDD54AD426A74E6F38C96E7C473BC427829135E53BB7B4936B4CEFD11F86D8D1C36CE1696CE6E9C1B6B5DE6F6BCDED364038D33333BCB7C1BC003CAA54D3CF5239F31EB3CC1216385D6B8929554E9D2E36D6D7CC8B2B4C996DB47346F78AC6F696E68FD171A752B35DDBD58FBFF00F3C84B9E69C234E118416518AC923D1E87062F2B1C51C8CB7E3BCD80016AB6BDE7731E730DBF7E87399AF3B98F3986DFBF439CB6BDAA2FDEDE00104C00000D269A6B35B9A000AD5E5BBB6B8953FD9DF17CA8C058B10B4575472592A91DB07EE2BD24E327192CA49E4D3E23CEEAF4F386FCBA4F47634F9BCCAFDE1BD6773AEB83A8FE7A5945BE324713F03DDFF4B53F2B2BE6D57C4E6B0CBBA5709C93B7A89496FEE5EF37749AF8E18C793F296AE7D27E29BD3F471CA7DEE3CC8F47C87711E63E9D86980000000000006D617E13B3F3F0FCC8D536B0BF09D9F9F87E64077900152400000000000000000000000000000000000000000000000000000000000000000000000000000000000000001A18CE2B4309B475EB7CE93D94E9A7B66FE1E537CE4FA538E7CA18B55952F9F4A9BD4A5B7664B8FA7790BDB861B9A2D379F9369E91D5EB14C56EF14ADC25D546E39FCDA6B6461CCBDE4CE15E0EB7FBBEF653E9DDA6F2A91C972A2C182DFC29C3B5AB4945679D393DDB788E66AEB6BD3787A0CD8E231C452394268F170DC6DEAC93C9A849A69EED864CB35E422B18BF8468CADA8C94AA4F649A7B22B8FA4E762A4DED110D3C759BDA2212FA2DA49C3CE16588EAF092C953AD925ACF91F9791F196FD48F8B1F41C753CB71D37463127896134EA5479D6A6F83A8F95AE3E95974E67A0C7313CA5ADE25A48C7FF2D3A4F54AA8C56E8A5D07D00BE2223A39000000000D7BCEE63CE61B7EFD0E7335E7731E730DBF7E87396D7B545FBDBC0020980000000068E2160AE57094F28D65C7E37919BC0865C55CB5E1B4724A97B5278AAAACE12A7370A917192E266BDEA6ECAE1259B74A6925F75961BCA70AB566AA473EB460A9844B252A1553CF6EACF67B51C7CDE1F971CEF4E71FDDD0C5ACA5E36B729722B1C1B12BCD58D1B4A91596D9D54E115D2FDC4DE2982470DD1F70A2A55EE6A5683A93845B6D6DD892E245DEA58DDC3BAA337E58ED30494A12CA4A5192E26B26672EBB3F144DABB444F4F54B1E9F16D3B4EF2E694B09BC94A2AB529DBC5ACF3A91C9B5E447BC4AD5D3A94295BD29CA3183DD16F3DBC65AF1CFA5C3CDAEB647E67530E69C948BCFD5D0C7E1B8A70ED13CE7EA8DC1F06A55AAAA98A565468AFF0084B3D79F4ADCBDA60C4B0995AD67DA753B6A83DB1714F592E46BDE89906638B8F8B7FCBE8CCF84E0E1DB7942D859AB8B4AB4EAC65092A99C5B8E4D6C30D4C32F60A4E36F52AC23FB74A2E4BD9B516025F00D90AFF7A3D4C867CF38B1CDE210CFE1D8E30C7AC7D7F346D3D1BF96307B095194685FC28462B84592A89679465C8F91F41134301C5AC715B657387DC4546BC3392839477AFDA59AF697DCDA79E6F3E527B0DBD5730D49BFD6C57A5729ABA3D6CDE6697FCBFD399A8D3F0C7155BA003A0D400000F92928ACE4D25CAD9F48EC7A855B9C3E54E8C1CE7AC9E4895637988962D3B46F0DEE1697DA43D64385A5F690F591CFB7192DEDEB5CCDC685394DA59BCB891B5F0B58FAB5FCF9F45F786A7F690F591ECA1D9D85CDED08D7B5A4EA5293D924D24F2793DE5F0A32E38A749DD6E3BCDBAC0002A58000000000000000000000000000000000000000000000000000000000000000000008BD26BB765805F578C9C66A938C5ADE9CB627ED38D9D3FB20D7D5C2A95B2793AD533E7497C5A3982DC519279ECF43E178F870F17AC86F5ABD6A11CF8B34689B762FE64E3C8F32A974E1B5ACD2D5D6925C99BC8F9B8030C85BFB1ED56ABDE51E2718CFD0DAF79502DFD8F68B75AF2B71463182E96DFB89E3EE869F886DF0D6DFFF00735D4006D3CB0000000035EF3B98F3986DFBF439CCD79DCC79CC36FDFA1CE5B5ED517EF6F000826000000000000D0B8EFD33761DC47991A571DFA66EC3B88F32276E90857ACBD1018BFD3E7F757513E54749F108DB5F54A74F6D6708F16C8ECDE73F5D8ED931C56B1CF77434149BE5DA3D1078BD4552FA496D508A8FBDF59A41B6DB6DE6DEF6F8C1763A4529158FA3D552BC35880004D2093C0AA2552AD27BE4949746FEB230F54EA4E9548D4A6F2945E699567C7E6E39A7AABC94E3A4D5693D42528494E0DA92DA9A306175BE5284D518B556093953F833335933817C59314C7146CE4CF2B4D67AC272C7118574A15728D5F648DF2A66E5B6235E8A516F848F24B8BA4E860F10DA3872FEAD2CBA5DF9D160046C318A4D7CFA734FC993F81F2A6314F2FD5D2937FCCF2377E3306DBF135FE1F26FB6C926D4536DA496D6D90388DFDC56A9285ADC3A3492C938C536FCBB4C7737B5AE764E5947C58EC46B1CED4EBA6FF871F286DE1D34579DFAA1EA6157FF00F0F1487FAED57B9937A332B8B2A552DEFEBD1A9C266D548435567C59F41E010FE23A99DB8ADBB3F09863A46C97D18B3AF618350B6BA8A8D58B936934F2CE4DADA8953530A9B9D9435B6B5F34DB3B75C9E6D62FEBCDCE9A704F0FA00024C00000000000000000000000000000000000000000000000000000000000000000000289A7F5F5F12B7A39ECA74B5BA64DFB92289523A95271E465AB4B2AF0D8FDD34F3516A0BA124FDB995ABC8E5554BC646ADA7F14BD66969C1A7A47D980CD672CAB65E32C8C2232D59292DE9E6617A5008B5249ADCD668114C3A4686DB2B7C0A949ACA55A4EA4BD392F6247373AED8D0ED6B2B7A1F654E30F42C8B71473DDC8F17BED8EB5F59FD99C144BCAD88C71CAF5A9CAAB952ACD45EB64B573D8B9B22EF46BD2AF1D6A552335C793DC5F36AEFC3131BBCE62BDB244CCD6623F7640019580000D7BCEE63CE60A5250AB193DC9996F2A4328AD78E69EED646AEBC3C787AC8BABDAD7BCFE26F76C52E57E81DB14B95FA0D1D7878F0F590D7878F0F590E18638E5BDDB14B95FA076C52E57E83475E1E3C3D6435E1E3C3D643860E396F76C52E57E81DB14B95FA0D1D7878F0F590D7878F0F590E1838E5BDDB14B95FA076C52E57E83475E1E3C3D6435E1E3C3D643860E3964AD253A929477336637149452CDEECB71A5AF0F1E1EB21AF0F1E1EB233310C45B66F76C52E57E828BA59252C72AB8EE7087516CD7878F0F59150D2569E3151A79AD486D4FC8577888875FC1AD33A89F69FDE116002A7A80000000058F41FE9D73E6E3D6CB3DEE1F4EE739C72854E5E27CE55F4265185EDCB94925A91DEF2E365D134F734CC64C75C95E1B472799D7DE6BABB4C7DBF6856AE2DAADBCB2AB0CB91F13E93096B9454938C9669EF4CD3AB865B5479A8B83FE5672F2F86DA277C73FA94D5C7F3420012F2C1967F36BB4BCB1CFDE7D8E0D04FE7D6935E48E46BFC0E7FE9FEF0B7E2717AA1CF8E5152D56D27BF2CF6963A387DB52DAA1ACD71CF6957D235FFDDAB7347A91B9A6F09B649DAF6DBDB9FF00A6B66D745237AC6ECD9F950DE9E49BC967B1666FE194E10C3E828C56D8293D9BDB369251EE525CCB225FC236B6D37E5EDFF687F11DE39579FBAB36D88D6B6BB75E949A4DED83DD25C8CBB50AB1AF461561DCCE2A4B98A5E3508C3119EA2CB5A2A4F2E5E32D382782ADB3F17DE76B2E3AD71D78636FA34315ED6B4EEDE001ACBC000000000000000000000000000000000000000000000000000000000000000000C7715381B7AB55EE841CBD0B30CC46F3B3946255787C46EAB714EACE4B99B6685D435E8BE58ED4660693D9C46D110C9A398652BD9D4AD72B5A952692867B24F7EDF2227EEB07B0B9A4E9F6BD3A52CBE6CE9C52717D1BC89D1CAAED6EEA5B4BBD57DB07C925C4F9D7516439BA9BDEB97AFB3433DAF193AA95469D4A0EA50ACB29D29B8B321358E59EB2EDAA6B6AD9512E35C4C8537B1648C95E26EE2BC5EBBB3D8283BEB7557653E163ACF2CF667B7D874DAB8C592A4DD1B884E6E3F322B7B7C4732B259DD43C99BF6131465A956127B93DA579B556C53C358EAE76BF1464BD77FA2527294E4E536E526F36DF1992D6E276D5A3569BDAB7AE26B90C20E5C5A62778EAAA62263695C69CE3529C671EE64935D27A35F0E4D58D052DFA88D83D3D278AB132E25A36B4C057B1FBA9CAE3B5E2DAA7049B4B8DEF2C25671E838E212935B2714D7A32F716E3EAA734CF0A3724C64B90FA0BDA6F992E4192E43E803E64B9064B90FA00F992E4192E43E803E64B9064B90FA00F992E4192E43E803E64B9089C47E972FBABA89722312FA5CB997515E5E8ECF81FFF0054FB4FEF0D6001AEF5A00000000DEC27BE55FBABAC98B4B9A96B5A3529CB8FE72E292E4643E13DDD5FBABAC938C5CE4A3159C9BC92E566C53B5E37C5E663596DBEDFB42EC9E681F12C925E43E94A0000014DD23F0B56E68F522E453748FC2D5B9A3D48D9D2F7A9CFDA98C3BE816DE69751B06BE1CF3B0B6F368D816EB2A63A2B98EF845F9B8967C13C156DF77DECAC63BE11979211EA2CF82782ADBEEFBD92CFF2A13C3DD2DE001A8D90000000000000000000000000000000000000020B4C34869E8E614EE35633B9A8F528537B9CB95F9171F42E3024F10C46CB0DA3C2DFDD51B783DCEA492CFC8971BE621569E68CB9EAFCA6B3DD9F01532F4EA9C81BC5749715CFF5D7B7B57938975452CFC8913B2EC6FA42A8708A16CE7967C12ADF3B9B765ED27C31F5438A67A3AF58DFDA6214786B1B9A3714F76B539A69791E5B99B07E7CB6B8C5746B156E1C35A5DD2794E12596B2E46B734FD1C68ED7A2B8ED1D21C269DE538A8544F52B53CFB89ADFD0F7AE73135D998B6E980011480000000000003431EA9C1E0B7D2FF9135E9597BCDF21B4BE7A9A3D77CAF517FDC8C5BA4ADC11C596B1F78734001A6F62FA9B8B528BC9A79A6B88B3E1F76AF2DD4F74D6C9AE47FE4AB9B165753B3AEAA476C774E3E3228D461F32BCBAC28CF8BCCAF2EAB4B49A69ACD3D8D3E32B989D83B4A9AF4D67426FE6BF17C8CB0D2AB0AD4A35294B5A1259A67D9C2352128548A9464B269F19CFC596715BF76962C938EC89D16C356257D560EA3A6A149C9492CF6E697C4B32D15DBB6F3679AFF260D12B4A36179739D559558C55352DFBDE6B3F416B3AF8F160CF5E398DDA1AED4DFCE9E19E4ADE2987430DB255D559CE10C94B359BDF9666B608A8625752829CB2A6B59ACB2D659EE27F1DA3C3E11770FF0096E4B9D6DF7152D12ADC163308F15584A1ECCFDC591A0C133C5B7FA7272F8867A65AE3DF94FEABDA592C96C48006CA6182EAD28DDC142B433CB735B1A3380C4C6FD517F20DAF8F5BD65F01F20DAF8F5BD65F025012E2947CBAFA22FE41B5F1EB7ACBE03E41B5F1EB7ACBE04A01C527975F445FC836BE3D6F597C07C836BE3D6F597C094038A4F2EBE88BF906D7C7ADEB2F80F906D7C7ADEB2F812807149E5D7D117F20DAF8F5BD65F01F20DAF8F5BD65F02500E293CBAFA22FE41B5F1EB7ACBE03E41B5F1EB7ACBE04A01C527975F445FC836BE3D6F597C0A7E925B42D715A94A9B938A8C7BA7B771D10A0E97786EAFDD8F518B5A6639BA9E114AC6A2768FA7FA4300083D20000000027B44ACA95E56B9556535AB14D6AB4B8D96CB4C32DAD67AF05294F8A5379E4573417E9177F723D6CB812899DB6797F12AC7C55A76F4FD8000690000053748FC2D5B9A3D48B9156D22B1B996212AD4E8CEA4271593845BCB25964F23634D3117E6A7344CD51F6988DC5A4383A6E328679A8CD6797319DE3774D6C8514F9755FC4D4ED2BBFDDABFE1B1DA577FBB57FC366E4C5279B5B9B0D49CEAD4954A92729C9E6DBE32EB82782ADBEEFBD95056376DA4AD6B67E6D974C3684EDAC2851A9DDC63F3972146A6638622176089DE65B200349B218EB55E0E3CADEE321AB79DD4798CD637946F3B43C76C54F1BD8876C55F1BD86205DB435F8A7D597B62AF8DEC1DB157C6F61880DA0E29F565ED8ABE37B076C55F1BD862036838A7D597B62AF8DEC1DB157C6F61880DA0E29F565ED8ABE37B076C55F1BD862036838A7D597B62AF8DEC1DB157C6F61880DA0E29F565ED8ABE37B0FB1B99A7F3BE72E63081C30714FAA453CD26B733E98EDFBCC4C8532D989DE03907659BB9D6D23A56D9BE0EDE824A3C59C9B6DFA32F41D7CE2FD943EB756F354FA8CD3AB17E8BBF62FC2E8D9E8E53BC514EE2F24E539E5B5453692E6D99F49712BDD8FFEA7E1BF725F99961313D598E8A3F657C2A8DC6071C49452AF6934B5F8DC24F2CBD2D3F4F2901D882EA70C62F6D33FD5D5B7E11AFE68C925EC932E1D92BEA6DFF3D3FF0072251BB127D66ADFD1CFF3409476A33DCEC000209800000000000054BB27DD54B5D19CE8C9C653B884735D2FDC5B4A3765D965A3D6B0E5BC8BF4425F1278E226D1129566626261CE296355E3B2B53854F2AF9ACDBA78CDB4BBB8D4A6FCAB35EC2041B16D2E2B7D366FD3C43514FAEFEEB3C2FED27DCDC53FF53CBACCD19C27DC4E12E6926548F992E44533A1AFD25B35F15BFF003563FF007EABDE1F7B52CEA6C4E54A4FE743DEBCA58E8D5857A4AA5296B41FB3C8CE44B35C6D749B7876237786DC70D6759C65BA5196D8CD723469EA3C23CC8E2ADB9FB21935F4C93BF06DF9FF00D3AA921698AD7A09467FAD87249ED5D24368F5CD6C6F08EDF85B386551D39C62F3DA9279AF26D364E1CC66D35F69E5297E0CB5F558E9E2769710709C9C35964D4D7BCA7E1D6B5AD6F695C4A515C1544F25B5B49EDF4A3741B1FC4B370ED1B7BB52FE1D8325E2D6DF92CD658951BA96A473854F165C7CC6E94E84E54E719C1E524F34FCA5BE9CB5E9C67E32CCDED16A6D9A262DD6156A70C639898E92F400375AC0000000000000000000000001CD34DB13A143486BD29466E508C33D54B2EE53E5F29D2DBC966F624706C52F257F895D5DCB3CEB5594D67C4B3D8BA16C3311BADC39EF82DC54EA91F962DFECEB7A17C47CB16FF675BD0BE242025C10DAFE29A8F58FD137F2C5BFD9D6F42F88F962DFECEB7A17C48403820FE29A8F58FD137F2C5BFD9D6F42F88F962DFECEB7A17C48403820FE29A8F58FD1D27B1DDFD1BABCBCA70525254D4B2965B567FE517A38D683DE3B2D26B3967946ACB8192E5D6D8BDB97A0ECA466366A65CD6CD79BDBA80030AC00000000000000000001198AE28AD1F054529566B379EE8FF920EADF5D5596B4EBCF3F23C97B0C55EA3AD5A7525BE72CCF06C56B10D2BE49B4FD997B66E3EDEA7ACC76CDC7DBD4F599881243765ED9B8FB7A9EB31DB371F6F53D666200DD97B66E3EDEA7ACC76CDC7DBD4F5998803765ED9B8FB7A9EB31DB371F6F53D66623EC2329CE308ED949E481CD93B66E3EDEA7ACC76CDC7DBD4F599270C32DD4329EB4A5C72D6CBD0475EDB3B5AAA39EB464B38B6619989879ED9B8FB7A9EB31DB371F6F53D666ADC578508294F6E6F249719E6DAEA15DB4938C92CF2615F1C7170EFCDB9DB371F6F53D667D577729E6ABD4E99667DB5B59DCB96AB518ADF262EAD676D24A6D4A32DD2457E763E3F2F7E6B782FC3C5B724C6138AF0B28DBDC64A6F6464B627E47E5260A426D34D3C9ADA9935F2DD4F110B539F25D8F2ED1B593A729D35C2E18A6915CDC4EB4A938E54F55453EE56599D58E718EF862EFCEB234EAAB5B92D8E913595A341A3C168E50B64F3542528293FDADB9E79716F27C82D0DF044BCF4BA913A46DD5B182D36C7599563B257D4DBFE7A7FEE44A37624FACD5BFA39FE68179EC95F536FF009E9FFB9128DD893EB356FE8E7F9A04A3B529EE876000104C000000000000285D97D3F91AC65FB2AE727CFAAF2F797D2B7D90B0D9625A2F731A71D6AB6ED5782FBBBFFED72278E76BC4B31D5C400074160000001F526DA4966DEC4901D93B1753D4D13A72CB2D7AD525CFB72F7165B8B2B7B8DB5692D6F196C66A68C61CF0AC02C6CA6B29D3A49CD724DED97B5B250E6658AE499DE378422D313BC2BB8A61CAD211A94A52941BC9E7C5C847171A908D5838548A9464B269959D21B68E194215E8A738CE7AAE327BB637EE393A8D05A6FBE28E53F46DD35B4A537CB3D186DE8CAE2B429437C9E5CCB94B6C62A31515B92C915ED0FB9ED8A772E718AA9092DA97135BBD2996236F49A59C113C5D65AF93535D4445A9D0001B6A8000000000000000000000001A58D5474706BFAB1D8E16F524BA22D9C24EEB8F41D4C0F1182DF2B5AA974C59C289D589000498000000006C61F55D0BFB6ACB7D3AB092E8699DECE05670756EE8535BE752315E93BE90B3300008B200000000000000000000A403D70553ECA7EAB1C154FB39FAACDA739E41EB82A9F673F558E0AA7D9CFD5607907AE0AA7D9CFD56382A9F673F5581E41EB82A9F673F558E0AA7D9CFD560793D51A9C155854CB3D492790E0AA7D9CFD56382A9F673F55813F4EE28D486BC2A4757CAF26B9C89C4EE215EB455379C60B2D6E56CD6E0AA7D94FD56382A9F673F5598D9299996ADE5BCABC23AAD2945ECCF7331D95ACE8CDCEA359E59249E66F70553ECE7EAB1C154FB39FAAC2A9C559B717D5B587DDC6DF5A1513D593CF35C47CC42EE372E11A69EA476E6F8CD6E0AA7D9CFD56382A9F673F55947C363F37CDFAB63CDBF0707D1E4F67CE0AA7D9CFD567BE0EA7D9CFD565EAD7239C63BE18BBF3ACE8E738C77C3177E7594E3EA788F647BAD5A1BE08979E975227482D0DF044BCF4BA913A46DD5B3A6F935F6563B257D4DBFE7A7FEE44A37624FACD5BFA39FE68179EC95F536FF009E9FFB9128DD893EB356FE8E7F9A04A3B564F743B00008260000000000000DFBC00388E9EE010C0B1B71B7595ADC4785A4B2EE36ED8F47534568EAFD976D154C1ECEED2CE542BB873464B6FB628E506FE2B7152256474003C56AB0A31D69E796796C599632F659FB1A5AD95FE964295D3D695BD275E10E2734D249F3679F4148AD7D292D5A4B5572BDE4DF636BBED3D36C326DECA951D27E5D78B8AF6B45792DF86764665FA20006820113A534785C16BECCDC1C66BD3B7D8D92C60BDA3DB1675E8F1D4A728AF4198EA864AF1526BEAA968556D4C46AD2CF654A59F3B4D7B9B2E873CD1DADC0E356B2E294B53D2B2F79D0C95FAB53416DF16DE920008378000000000000000000000001E6705384A1259C649A6BC8CE09794256B775EDA7DDD2A9284B9E2F27D477D3846332D7C62FA7E35CD47FF73255625A60026C00000000263442D7B6F4970FA5C4AAAA8F9A1F3BDC76B38E6813D5D2CB0E7A8BFEC91D8C859980004590000000000000000000046E6F94FB9BE53E0361A8FB9BE519BE53E003EE6F9466F94F800FB9BE519BE53E003EE6F9466F94F800FB9BE519BE53E003EE6F9466F94F800FB9BE519BE53E003EE6F94F39BE567D3C8128738C77C3177E759D1CE718EF862EFCEB2AC7D55788F647BAD5A1BE08979E975227482D0DF044BCF4BA913A46DD5B3A6F935F6563B257D4DBFE7A7FEE44A37624FACD5BFA39FE68179EC95F536FF9E9FF00B9128DD893EB356FE8E7F9A04A3B564F743B00008260000000000000000AE7642A1C3E8862092CDC2309AF26AC937ECCCE1E7E80D26A7C2E8E6290CB36ED2AE5CFAAF23F3F9B7A79FC329D7A06BDFACEDA5E4699B061BB59DB54FBB99B13D199451BB81DC76A63587DCFD8DCD3A9EAC93F71A413C9E7C68A517EAE078A15155A34EA2DD38A92F41ECD2440001CDAED3B2C5AAEA2CB81AEDC7A1E68E9116A51528ED4D668A269651E0B1AA92E2A918CD7A32EB4CB7E095B87C26D27BFF56A2F9D6C7D44EDCE225CED1FE0CB7A3740041D10000000000000000000000000E05772D7BBAD3F1AA37ED3BE9CA5F63FC6DB6F3B5CDEDEFAFE04AAC4AA409CA9A298AD3A928495BE716D3FD6FF0083CFE8BE29C96FF8BFE0AA75586397142CF2724FF2CA1416C5D8FB1BFF00E2AFFF002BF81E2B6816354A94AA4BB55A8ACDFEB5FC0BA6D111BCAB88DD5604D7E8BE29C96FF8BFE0CB6DA218B5C568D382B7D679E59D5FF0551A9C333B45A164E1C911BCC31E85CF534A30F7FF00332F4A6BDE76839AE09A138C5862F677757B5DD3A55A3296AD46DE49EDE23A516595C00022C80000000000000000000234006C350000000D4BCBF85BB7087CFA9C9C4B9C3133B36CC13BCB7A6F29568E7C8B6F510D5EE2B577FAD9B6BC55B12E830EC5E433B23364DFCA36BE3CBD567B85EDB4F7568A7FCDB3AC823E6698D98E295993CD66B26B9502BB46B54A2F3A5371F22DCFA094B4C46155A856CA13E27C4FE0364A2D12DE00184800003C9E8F204A1CE31DF0C5DF9D674739C63BE18BBF3ACAB1F555E23D91EEB5686F8225E7A5D489D20B437C112F3D2EA44E91B756CE9BE4D7D958EC95F536FF009E9FFB9128DD893EB356FE8E7F9A05E7B257D4DBFE7A7FEE44A37624FACD5BFA39FE68128ED593DD0EC000209800000000000000035F10A7C2D85CD3F1E94E3E94CFCE87E926B34D3DCF61C2EB686E9050517570FD452D89BAD4FE25F87256913369DA3EE9D22667684098EE16742A2FE57D45863A238CCB7D1A31FBD597B8D95A0B8ACEC6ADCD4AB690A506A32CAA372DBB334B2CB8F949FC669E7A5E3F55B38EF1F473E05DE3A076EBBBC4AB3FBB492F7B25F00EC71855FDDCE8DCDEDF34A9B92D4708F1A5C717CA6B57C434F7B456B3FDA4B69F2563798751D1FA9C2E0386D4F1ED694BD314CDF35F0EB4A787D85B595172953B7A50A507379B6A29259E5C792360C4B5C000152D38A3955B5AFCB1941F434D75B24343AB709846A7D954945733C9FBD9F34CA8F09852A896DA75536FC8F35D6D1A3A0F5B2A97545BDEA334BD29F5A27D68E7766B3DFF00F7F85B00041D1000000000000000000000000000054AF7E995FCE4BAD984CD7BF4CAFE725D6CC2797BF74BB75ED85CCD7BFF00A157F36FA8D835EFFE855FCDBEA3D2E4EC9F671A9DD0AA1BD837846974F53344DEC1BC234BA7A99E774FF3ABEF0EBE5F976F6594007A57180000000000000000000000011A00361A80063B8AAA8519D57C4B62E57C480D5C4AF3815C1527FAC6B6BF157C4883ECA4E72739BCE5279B64E60587A518DDD68E727B6945F1797E02676842226F2C361824EAA552EDBA717B541774F9F9098A1656B6EB2A3429A7CAD66FD2CD80553332D8AD22A186BDA5BD75956A14E5E5D5C9FA4CC0C2483BDC0B24E76526F2FF008737B7A1FC4849269B8C934D3C9A6B6A2EE4663387AB9A6EBD18FEBE0B6E5FB6B939CB2B6FA4A9BE3FAC2370DBC6DAB7ACF3E2849F51265693E344F5957ED8B78CDF74B64B9C9CABACFD19C006130F27A3C8128738C77C3177E759D1CE718EF862EFCEB2AC7D55788F647BAD5A1BE08979E975227482D0DF044BCF4BA913A46DD5B3A6F935F6563B257D4DBFE7A7FEE44A37624FACD5BFA39FE68179EC95F536FF009E9FFB9128DD893EB356FE8E7F9A04A3B564F743B00008260000000000000000113A42BF5149FF0037B89622B487E8D4BEFF00B99ADACF9165DA7F9B0813716DC0AF972383F6A34CDB8781710CFF0093ACE2E9FBE7DA7F6974B2F6C7BC7EEAF933A28F2C4E5E69F5A21899D15F0A3F34FAD13D37CEAFB99FE5D96F001E81C7000068E394787C22EE1FF2DC973ADBEE2A5A255B82C6611E2AB0943D99FB8BD4E2A717196D4D64CE716127678B5173793A55D29732793F793AF389873B57F872D2EE900020E880000000000000000000000000002A57BF4CAFE725D6CC266BDFA657F392EB6613CBDFBA5DBAF6C2E66BDFFD0ABF9B7D46C1AF7FF42AFE6DF51E972764FB38D4EE8550DEC1BC234BA7A99A26F60DE11A5D3D4CF3BA7F9D5F7875F2FCBB7B2CA003D2B8C00031B80F99EDCB6E67D33B1BC00030C800000000000234006C35023719A9B2952E5F9CFA97BC9221B1679DE65C90484236E8C36543B66EE951E294BE7736F65C52496496496C4B90AE68E473BE9CBC5A4F2F4A458C85E79ACC51F87701E2AD454E39BDADEE46B76CD4CFF672E4C88C44CAC9B443701E28D455639EE7C68F69E4D30CC731A6B7AC86E3ED4AD4F350CF3937B8F4E9BCB7E6CC33B7A2A58BDBAB6BF9C62B284FE7C7C99EF5E9CCF583D4D5AF3A7C538E7D28DCD268EDB69F1E528F532330F795ED1E76BD85D5E8D4B46D74E800261E4F4790250E718EF862EFCEB3A39CE31DF0C5DF9D6558FAAAF11EC8F75AB437C112F3D2EA44E905A1BE08979E97522748DBAB674DF26BECAC764AFA9B7FCF4FFDC8946EC49F59AB7F473FCD02F3D92BEA6DFF003D3FF72251BB127D66ADFD1CFF003409476AC9EE876000104C000007C6D24DB6925C6C8FBAC730DB6EF975093E4A7F39FB0274C77BCED58DD220AC5C698D08BCADAD6A545CB3928F56678A5A651724AB5938C78DC2A66FD0D2EB0D98F0FD4CC6FC3FB2D40D3C3B13B4C460E56D5136BBA83D925CE8DC0D5B52D49DAD1B4844E90BFF00D3D25FCFEE25887D227F3282E5727D46AEB276C1659A7F9B08436F76057CFCB05ED46A1B359EAE8FDC7F3D58C7A99C5D3F74FB4FECE965E91EF1FBA049AD1359E253F2527D688527744639DED697252CBD2D7C0B34BF3AAC67F972B5800F40E4001158FE2F1C2E82504A57153B88BDC972B3311BA37BD6959B5BA24EA548538B9549C611E593C91CEB1B54D62D74E8D48CE129EB294259A79ED7B57959AF75755EEEABAB73565526F8E4F77323096D6BB38DA9D54668DA236D9745A596518433A75E53D55AD945659E5B77B362D34970EB99A84A73A2DEC5C2AC93E94DE5D250C18E086635D9625D513CD66B6A3E951D12C5671ACAC2BC9B84D3E09BFD97C9CCFF00F3796E2B98D9D5C39A32D38A000185A00000000000000000000A95EFD32BF9C975B3099AF7E995FCE4BAD984F2F7EE976EBDB0B99AF7FF0042AFE6DF51B06BDFFD0ABF9B7D47A5C9D93ECE353BA15437B06F08D2E9EA6689E675AA50927466E1279FCE5BD1C0D2526F9EB11EBFB7374F5796B8B05AF6FF00DBF25D720536C2E2BCEFA8A9D7AAD396D4E6F27B193FD2FD276753A9F22D15DB771B4F7F3EB368E4924DBE2C8F9525A916DC64D659EC22EBB6A85569B4D424D34F76C2A35315A94EB70352BDC2596D9708F2EB27A6D4466899DB6D8C95C916E1A578A76DFF0047408AAEF6C9457F2E4FACF6F593C941B28AAEAE1ACFB66B34F8F847F13EF6CDC7EF15BF11FC4DAE168FC647A2F593E460A2F6CDC2FF00DC56FC47F12C1A3B7B5AE154A35E4E7A8938C9ED797236466BB2FC5AB8C96E1D9340022DB0000000046800D86A04362CB2BB4F9609932476314F3853AAB89B8BF70846DD0D1D9EADFCE3E3D2697A53276B57E0DE49672F622A36F5781AF0ABE2BDBCDC658534D269E69ACD3E53135DE776696DA3664A9565532D64B6721E0032CB2D0AAA9C9EB26D3E43ECEE26DFCCF9AB8B94C20C6D0CEF3B6CF54E4E15233DED3CF9CDE77B4B5735ACDF264478DE26B12CC5A63A347486BC6ABB784735929379F47C0D0C3D677B4BC8DBF61F2FAB70F75392DB15F363D06C60F4F3AB3ABC518EAAE766623685533BD92C00098793D1E409439C63BE18BBF3ACE8E738C77C3177E759563EAABC47B23DD6AD0DF044BCF4BA913A41686F8225E7A5D489D236EAD9D37C9AFB20B4D2C2B62BA3F7187DACA9C6B567071751B51F9B24DE6D27C4B90AC681E8B621806353BBBEA96B3A73A12A49519B6F3728B5BD2D9B196BC7F14B6B0D4555B9D569B8D28EF7E57C88AD57D24BC9BFD453A545713CB59FB767B0D3B5F53E64D691F85D6C1A0B66AC5A217E34AEB16B0B4CF87BAA716B7C53CDFA11CFEEB11BDBBCFB62E6ACD3DF172C97A16C354DADDB98FC23FAEDFA2E775A5F6B0CD5B50A955F2C9A8AF7BF611375A5588D6CD51E0E82FE48E6FD2F320806F63D069E9FCBBFBB35C5DDCDD3CEE2BD4A9F7E4DA5D06100C36E22223680001964B6AF56D6B42B509B85483CD491D1706C42389D8C2E12CA7DCCE2BF665FF9B7A4E6C59B41AB495D5CD0FD99414FA53CBDE661CDF13C15BE2E3FAC2E2426914B3A9423C89BF4E5F026CAF63D2CEF62971412F6B34F5F3B6097174B1BE584699AFDEA60508F8F719FFDA613D6332D5C3EC2971E539BE97B0E461E5169FB7F98742FCE6B1F744164D0F8EDBA9FDC4BDA56CB6689432B0AB3E39556BD8BFC9B1A28DF342BD54ED8A538003B8E5073ED25AF2AF8CDC66DE54DA8457264BE399D04A3E3F86D79631712A718A84DA9272979167EDCC95662BCE5A5AFADAD8E223D504092861327DF2B4579231CCCF0C2EDE3DD3A93E7965D427518E3EAE6469F24FD10C7D8A727945393F22CC9F85A5BC3B9A30E76B3EB332592C96C5C8B615CEAA3E90B234B3F5943D850B9A57742B2A334A9D48CB6ECDCF3E33A3959C36DE9DE5C284A7F3755BF9AF6BF222CB18EAC5479171EF15C96BF39747498A31C4ECFA0024DB0000000000000000000054AF7E995FCE4BAD984CD7BF4CAFE725D6CC2797BF74BB75ED85CCD7BFF00A157F36FA8D835EFFE855FCDBEA3D2E4EC9F671A9DD0AA196D6D237B711A33938E69E525C5B0C46F60DE11A5D3D4CF3DA6998CD598F58757515ADF15AB68E5B345D3ED0D20A1699EBED4F5F2CB7A7C44F27F3DC78B24FACACE95CA51C7272849C64A3069ADE9E46F6038A54BCAF5295DCA1C2EAAD4C964E59379F49D7F10C16BC4658FA43CE68F3D31E4B619FACF24ADDBD5B5AEF929C9FB1947AF561714D29D2C9A5B24A5B5175B8CFB42E33DFC1D4DFCCCA2ADCB98786444D2DBB1E2396F8B2D2F49DA637285CD4B57AB25AD4F93E06D2BE4D66A1FF71AAD26B27B5185A95279C76A3A1CE9EC96F8BC4A3E94CDFDADFEA7FF007B4E614BE50BEA76BDEF5F3F9DBF2C937BB672173C370FA56149C60DCA52DB29BE3297A27352C72DF2E49ECFF4B3A00B4EFD11D2609C7BF995DAD13B00020DD0000000046800D86A078AD4A35A94A9CB74965CDE53D802B75212A739426B2945E4C90C32F1452A155E4BF624FA8D8C42CFB623AF4FBEC57ACB90866B26D4964D6C69F11957DB2B2F3821AD711A94528545C2416EDBB51234AF6DEA6EAAA2F927B0C2716896C03CF0B4F2CF84865F7918AA5E5BD3EEAB45BE48ED7EC06ECE6862578A1174293F9EF649AFD95C9CE60B9C4E734E3423A8BC67BFFC1A06519B7A0936D28ACDBD897293F6943B5E8469FED6F93F29AB86D93A7956ACB29FECC5F17979C9012CD6360006120F27A3C8128738C77C3177E759D1CE718EF862EFCEB2AC7D55788F647BAD5A1BE08979E9752266BD58D0A152B4FB9A71727CC96643686F8225E7A5D4891C5FC137BE627F9591B7596E68E38A9489FB39CDDDCD4BBB9A9715A59CEA4B37E4F273188020F7111111B40000C80003CCE71A70739C9462966DBE2226E717936D5B4125E34F7BE83C63570E759508BF990DB2F2BFF061C330EBAC52EE36B654F5EA359C9B79460B95BE244F95638ACE16BB5F938E71629DB67D58A5E279F0917E470591BB698B46A4942E62A0DEC535BBA79094ADA057F0A2E546F2DEAD5CB3E0F55C53F227F148AAD6A5528559D1AF0953AB4E4E338496D8B5C4471E4C597B27769D359A9C56899B4CFBF35A4B0E847856B7987F9A253706B87568CA94DE72A5964F953F8172D08F0AD6F30FF3446DB4BB59B2D7368E6F5FAC2EC55F159EBE2159F23CBD0B22CEDE49B7B9150AB3E12ACE6F7CA4DFA4E6F895B6A56AE368E3F14CBC18F1D97FEAA952CB274A8422F9F2CFDE67A30E16B429F8F24BD2C8FC42B76C5F57AC9E6A536E2FC99ECF61CDA72A4FDDBB3CED0D72EFA3F4B82C26827B1C9393E96DAF66452629C9A4B6B6F248E854611B7B7A74F34A34E2A39BE6C8DFF0EAEF79B357596FC310CA0F919C25B2338B7E467DC8EBB9D3F6084C7A195C529E5DD41AF43FF24DE446E3D0CEDA9CF8E33F635FFF0008658DE8AB244F0CABEEAA5711A393CE50724F8B7EE3C5D559518D392CB275231967C8CF175F36E2D6A7F3B83FF52FF07DBF8EB59564B7A8EB2E8DA69B5592E549DBD5506D4B51E4D6F4F23EDBD4E12852A9E3413F61EA12538C65C5249FB0C58452A95A946DE9AD69C27287364F7B07D5E30FF991AB4D6C74EAC92CB893DABACB560F5384B28E6F371934DB7D3EF34A868FA854AB527732D6A993718C3645A597492D696F0B6A31A50DCB6B7C6DF29B18A9689DE57E2ADAB3CD94005FB2F89000612000000000000000054AF7E995FCE4BAD984CD7BF4CAFE725D6CC2797BF74BB75ED85CCD7BFF00A157F36FA8D835EFFE855FCDBEA3D2E4EC9F671A9DD0AA1BD837846974F53344DEC1BC234BA7A99E774FF3ABEF0EBE5F976F644E96F86AA7DC8F510BD64D696F86AA7DC8F510A7ACAF4785D47CDB7BCA66DB1B8D3C35DA55A5394F5250534D6DCF3DF9F390CB6200863C54C733358EAC64CD7C911169E8000B15BEDBAB8A35D57B394A1529273CE2F269259B7CD96659709D2EAD5F10B7B5BCB7A6A15A4A11A94DB4D4DEECD3E26C8DD1AA70AB8C52A5562A509C671945EE69C5E68B161DA2587585F46EE9CABD495379D38549A7183E55B38B8B328BD769E4F51A1D6467D3CC6A39DA3944FD7F34F800C22000000008D001B0D400000D6BBB3A573B5FCDA9C535EFE5364061035ECEBD0EEA1AD1F1A3B51AFBCB318EA50A553BBA5093E571DA67747855DC97221B113DDA36BF611F4B3DC2DE8D37F328C13E5D51B9C285A16B5ABF7B83CBC67B112969614E83539FCFA9CB96C5CC6D830CC56200004800003C9E8F204A1CE31DF0C5DF9D6592F74B2DEDEE274A850956507939EB249BF26C79A2A97F74AEEF6B5C2838AA92D6D5CF3C8A696889E6DAD5F866AF2E38E0A6FF009C7F995C7437C112F3D2EA44962C9CB0BBC4936DD09ECFF4B233431E7844BCF3EA44F189EAAF0D2F4C7159E531FDA5CA7219173BCD13B6AD59CEDEBCA8464F370D5D64B9B6AC8C3FA1CBF7F7F85FE49FE0513A9F1489F993FAAA590C8B6FE872FDFDFE17F91FA1CBF7F7F85FE47E03E27C57FAE7F5854B21916DFD0E5FBFBFC2FF0023F4397EFEFF000BFC8FC07C4F8AFF005CFEB0E597D9ABEB8CFC765D7B1A2A7DAD8865970DC2435B97532797B732334DB46EAE115A9DDC26EB5BD6F9B29EAE5AB35C4F9D75320B0AC4EEB09BC575653519E5AB28C96719AE468A7538A72E29A55B98AF6898B5FAFD5D8CE67D90382FD24970796BF034F85CBC6DBEEC8DCADA7F792A2E346C2853AB965C23A8E497952C975953AF5AADC56A95EBCE552AD496B4E72DED9A7A2D264C579BDF92ECB96B68DA1BD816DBC9F2706FAD17ED098BF94AB4B2792A0D37E5D65F0646E8868854B8C37B7AE6B3A12AEF38435337A9C4F7ADFD5972979C2F0CB7C3283A74136E4F39CE5BE4CE8CCC6CD38C9AAF33862D318FD3D59312ABC158D6971EAEAAE9D85549FD209495AD3497CD73DBE8200E0788DF7CBB7A43B3A4AED8F7F57BA5374E4E71EE945EAFDECB67B4AD5FE296B615DD0AD394EA47BA54D67ABE46F94B1C7BA5CE733BEDB7B74E5B5BAD3CFD665DE17A4A6AAD35BCF28FF3FF00E2BD6EA2D82226BD6576B3552EE846BC294E9C25B63C2E49B5CB9152D2EC271875EB5ED5A5C2D9D3EF7C1CF5B838A5BDADFE56CE85B924B62492432CF6659E7B32E535B4FAB9C197CCA563FE97E6C1E6D382D2AE6096B46D30CB7850825AF4E339CB2DB26D66DB7D248D2AB3A3353A539424B8E2F2645D6C6B08B5AB3B75794E0A949C355464F572D996EE2C8F2B483086D2EDF86DFE497C0CDB0EA2F69BF04F3E7D24AE4C35AF0F1472FBC3A660B7B2BEB0855A9DF13D5935C6F97A8CD8953756CAAC629B9659A4BC8CD3D199DA54C1E8D4B0B885C529E6DD486793971AC9ED596EDA4A9DAA56DE5C45FAB979386D33C3D152BAC36F2BD0CA8DBCDCE328CA2A5F376A7E537960D71522D4DC22A49A69BCDEDE627C188C356BC61AA1ACF015468D3A75AE1CDC2296718E5F137AC30EA1612AAE82967565AD27279FA0DB04EB4AC7484A31D63A00027BA5C20006E70800309400000000000007C94A308B94E49452CDB6F248FA5774FEA4E1A31711849C7849D3849AD8F27259A034AE2A42AD7A95694E33A73939465179A926F34D18C4611A5154E0946104A314B892D88FA8F2D69DE665DC88DA365BA856A5714615A8548D4A5359C67079A6BC8CC18A56A546C6A70D5230D75A90D6796B49EE4B95B207407F576B895B473E0A85F4E34E39F72B24F25E435B4B5BABA4D84D19EDA74E954AD18F16BEC49F41E932DA3CA9B7DBFC38F4ACF9911F77C36B0CAD4E85F529D6A91A70CF575A6F259B5925D2DE46A9A78CD2856C26F215239AE0A525E469669FA51E7B0CED96B33EB0EB648DE931F664D2DF0D54FB91EA214DCC46A4EB42C2AD593954A965425293DEDB82CD9A67AD8E8F099FE6DBDE4001954000096D15F0EDBFFAFF002B2FE503457C3B6FFEBFCACBF955FABB1E1FF2A7DFFD00020DE0000000046800D86A00000000000000000000000000000793D1F3202AF7BA318853B89C6DA92AD4B3CE32538A7979736B698568DE2EDEDB4FFF00643E274106B6CEF478AE788DB68FEFFED1D80E1F2C330F8D09C94AA39394F2DD9F22F42244032E75EF37B4DADD64000440000000186EEDA8DE5B54B6BAA71AB46A2CA5096E673DC67B1DDC42A4AA6115E1529BDAA95579497913DCFA723A403313B0E3D0D08D2194F55D8A8AF19D7864BD0CB468FF0063FA56D563718C5585C4A2F38D0867A99F95BDFCD965CE5E40E293612C964B62400302A5A6FA4BF23D4A367DA4ABF0B0D77294DC52DAD2CB25BF67FE66533F4BEBFEE347F119D62F2CED6F2095DDB51AEA327AAAAD352CB9B335FE44C23F85D8FF006F0F8167C3E9F2C44E4A6F3EF2879B9693315B6D0E5EB4C2E13FA151FC46576B4DD5AB52A35939CDCB25C59BCCEE5F22611FC2EC7FB787C07C89847F0BB1FEDE1F02EC18F0E0999C54DB7FBCA192F932EDC76DDCBFF4BEE3F71A3F892315CE95DE55A13A7468D2A1392C9554DC9C7CA9729D57E44C23F85D8FF6F0F80F91308FE1763FDBC3E0531A2D244EFE5FF79593A8CF3FCFFB39D603D8E6CF17C26DEFFE50B9A7C326DC654D369A6D3DB9F2A66FFF00F49ECFF8A5C7E12F89D1294234E1A94E2A308C62A318AC9259711E8CCE6BEFCA518C75D915A35815B68F618AC6D673A8B5DCE539EF949E59BD9E44BD04A805733333BCAC88D80018000000000000000000000000000002B3D917EAB57F394FF322CC62AF6F42EE8CA95D51A75A9B94738548292DFC8CCC0E351D28C523149CA849A596B4A9ED7CFB4F5FA5389FFF001FF0BFC9D63E44C23F85D8FF006F0F80F91308FE1763FDBC3E055F0B83FA21679D93FAA55CEC613955C2EFAA5496B4E774E5293E37AAB323BB255D56B2C670EB8B7928D4851964DACD359ED4D17DB4B4B6B384A1696F46845CB371A50514DE4B90F37787D95E5452BBB3B7AF28C5A8BAB4A326B6F1668B3689E531C95EF31CDC83F4A713FF00E3FE17F9315D690E23756F528549518C2A2D593853C9B5C6B3CCEBBF22611FC2EC7FB787C07C89847F0BB1FEDE1F0211A6C313BC52139CD926369B28F7D4E51B4C2EA38BD49D851D57C4F28A4D1A474F95ADBBA31A0E8527460928D3705AB1496CC96E3C7C9B61FB95B7E0C7E06C45B938DA8D37FC933BF5733074CF936C3F72B6FC18FC07C9B61FB95B7E0C7E067894FC37DDCCC1D33E4DB0FDCADBF063F01F26D87EE56DF831F80E23E1BEEA6E89529CF19A738C738D38C9C9F2669A5ED65ECF14E851B7A728D0A50A51D6DD08A8AF61ECAED3BCBA7A5C5E5E3DB700045B200000000000000000000000000000000000000000000FFFD9, '9212', NULL);

-- ----------------------------
-- Table structure for admin_unit
-- ----------------------------
DROP TABLE IF EXISTS `admin_unit`;
CREATE TABLE `admin_unit`  (
  `id` bigint NOT NULL AUTO_INCREMENT,
  `insert_time` datetime(0) NULL DEFAULT NULL,
  `update_time` datetime(0) NULL DEFAULT NULL,
  `name` varchar(200) CHARACTER SET utf8mb4 COLLATE utf8mb4_0900_ai_ci NULL DEFAULT NULL,
  `size` int NULL DEFAULT NULL,
  `type` int NULL DEFAULT NULL,
  `vs_id` bigint NULL DEFAULT NULL,
  `vs_size` int NULL DEFAULT NULL,
  PRIMARY KEY (`id`) USING BTREE,
  UNIQUE INDEX `UKjl49gkk5dcosrqausl5kxu885`(`name`) USING BTREE,
  UNIQUE INDEX `UKcr5p1wh0fhgvn5mn64vspayc9`(`name`) USING BTREE,
  UNIQUE INDEX `UK9rsx5c9nqy7cmljc0udvw06rx`(`name`, `type`) USING BTREE
) ENGINE = InnoDB AUTO_INCREMENT = 11 CHARACTER SET = utf8mb4 COLLATE = utf8mb4_0900_ai_ci ROW_FORMAT = DYNAMIC;

-- ----------------------------
-- Records of admin_unit
-- ----------------------------
INSERT INTO `admin_unit` VALUES (2, '2020-02-18 07:03:57', NULL, '元', NULL, 1, NULL, NULL);
INSERT INTO `admin_unit` VALUES (4, '2020-02-18 07:06:01', NULL, '角', 10, 1, 2, 1);
INSERT INTO `admin_unit` VALUES (6, '2020-02-18 07:06:52', NULL, '千克', NULL, 2, NULL, NULL);
INSERT INTO `admin_unit` VALUES (8, '2020-02-18 07:07:01', NULL, '个', NULL, 0, NULL, NULL);
INSERT INTO `admin_unit` VALUES (10, '2020-02-18 07:07:34', NULL, '克', 1000, 2, 6, 1);

-- ----------------------------
-- Table structure for jxc_cust
-- ----------------------------
DROP TABLE IF EXISTS `jxc_cust`;
CREATE TABLE `jxc_cust`  (
  `id` bigint NOT NULL AUTO_INCREMENT,
  `insert_time` datetime(0) NULL DEFAULT NULL,
  `update_time` datetime(0) NULL DEFAULT NULL,
  `address` varchar(200) CHARACTER SET utf8mb4 COLLATE utf8mb4_0900_ai_ci NULL DEFAULT NULL,
  `name` varchar(200) CHARACTER SET utf8mb4 COLLATE utf8mb4_0900_ai_ci NULL DEFAULT NULL,
  `phone_number` varchar(50) CHARACTER SET utf8mb4 COLLATE utf8mb4_0900_ai_ci NULL DEFAULT NULL,
  `avatar_url` varchar(200) CHARACTER SET utf8mb4 COLLATE utf8mb4_0900_ai_ci NULL DEFAULT NULL,
  `nick_name` varchar(50) CHARACTER SET utf8mb4 COLLATE utf8mb4_0900_ai_ci NULL DEFAULT NULL,
  `openid` varchar(200) CHARACTER SET utf8mb4 COLLATE utf8mb4_0900_ai_ci NULL DEFAULT NULL,
  PRIMARY KEY (`id`) USING BTREE,
  UNIQUE INDEX `UKlef24ycdpnor90r4kwtw7genp`(`name`) USING BTREE,
  UNIQUE INDEX `UKld5fdryylq25gwp79glokp48o`(`openid`) USING BTREE
) ENGINE = InnoDB AUTO_INCREMENT = 2 CHARACTER SET = utf8mb4 COLLATE = utf8mb4_0900_ai_ci ROW_FORMAT = DYNAMIC;

-- ----------------------------
-- Records of jxc_cust
-- ----------------------------
INSERT INTO `jxc_cust` VALUES (1, '2020-02-20 17:00:08', NULL, '北京西路333号', '王二', '130-1234-1234', NULL, NULL, NULL);

-- ----------------------------
-- Table structure for jxc_goods
-- ----------------------------
DROP TABLE IF EXISTS `jxc_goods`;
CREATE TABLE `jxc_goods`  (
  `id` bigint NOT NULL AUTO_INCREMENT,
  `insert_time` datetime(0) NULL DEFAULT NULL,
  `name` varchar(200) CHARACTER SET utf8mb4 COLLATE utf8mb4_0900_ai_ci NULL DEFAULT NULL,
  `update_time` datetime(0) NULL DEFAULT NULL,
  `price` bigint NULL DEFAULT NULL,
  `unit_id` bigint NULL DEFAULT NULL,
  `price_unit_id` bigint NULL DEFAULT NULL,
  `size_unit_id` bigint NULL DEFAULT NULL,
  PRIMARY KEY (`id`) USING BTREE,
  UNIQUE INDEX `UKg1ebxpqv3bop8orxv9lu208eo`(`name`) USING BTREE
) ENGINE = InnoDB AUTO_INCREMENT = 11 CHARACTER SET = utf8mb4 COLLATE = utf8mb4_0900_ai_ci ROW_FORMAT = DYNAMIC;

-- ----------------------------
-- Records of jxc_goods
-- ----------------------------
INSERT INTO `jxc_goods` VALUES (2, '2020-02-12 11:52:23', '黄山黑松香烟', '2020-02-18 13:35:45', 7, 2, 2, 8);
INSERT INTO `jxc_goods` VALUES (4, '2020-02-12 11:52:46', '黄山红松香烟', '2020-02-18 13:42:05', 75, 4, 4, 8);
INSERT INTO `jxc_goods` VALUES (6, '2020-02-12 11:52:58', '黄山云烟香烟', '2020-02-18 13:42:12', 22, 2, 2, 8);
INSERT INTO `jxc_goods` VALUES (8, '2020-02-12 11:56:23', '黄山金皖香烟', '2020-02-18 13:42:20', 16, 2, 2, 8);
INSERT INTO `jxc_goods` VALUES (10, '2020-02-14 03:23:53', '52°飞天茅台', '2020-02-18 13:42:28', 1080, 2, 2, 8);

-- ----------------------------
-- Table structure for jxc_goods_cust_price
-- ----------------------------
DROP TABLE IF EXISTS `jxc_goods_cust_price`;
CREATE TABLE `jxc_goods_cust_price`  (
  `id` bigint NOT NULL AUTO_INCREMENT,
  `insert_time` datetime(0) NULL DEFAULT NULL,
  `update_time` datetime(0) NULL DEFAULT NULL,
  `cust_id` bigint NULL DEFAULT NULL,
  `discount_percent` int NOT NULL,
  `discount_price` int NULL DEFAULT NULL,
  `goods_id` bigint NULL DEFAULT NULL,
  `sale_price` int NULL DEFAULT NULL,
  `unit_id` bigint NULL DEFAULT NULL,
  `price` decimal(19, 2) NULL DEFAULT NULL,
  PRIMARY KEY (`id`) USING BTREE,
  UNIQUE INDEX `UKf28o0djmgtrwbdob1h5bdt9wd`(`goods_id`, `cust_id`) USING BTREE
) ENGINE = InnoDB AUTO_INCREMENT = 1 CHARACTER SET = utf8mb4 COLLATE = utf8mb4_0900_ai_ci ROW_FORMAT = DYNAMIC;

-- ----------------------------
-- Records of jxc_goods_cust_price
-- ----------------------------

-- ----------------------------
-- Table structure for jxc_goods_cust_shopcar
-- ----------------------------
DROP TABLE IF EXISTS `jxc_goods_cust_shopcar`;
CREATE TABLE `jxc_goods_cust_shopcar`  (
  `id` bigint NOT NULL AUTO_INCREMENT,
  `insert_time` datetime(0) NULL DEFAULT NULL,
  `update_time` datetime(0) NULL DEFAULT NULL,
  `cust_id` bigint NULL DEFAULT NULL,
  `goods_id` bigint NULL DEFAULT NULL,
  `size` decimal(19, 2) NULL DEFAULT NULL,
  PRIMARY KEY (`id`) USING BTREE,
  UNIQUE INDEX `UKpnojygq3xkr3xv02ankrgwvch`(`goods_id`, `cust_id`) USING BTREE
) ENGINE = InnoDB AUTO_INCREMENT = 1 CHARACTER SET = utf8mb4 COLLATE = utf8mb4_0900_ai_ci ROW_FORMAT = Dynamic;

-- ----------------------------
-- Records of jxc_goods_cust_shopcar
-- ----------------------------

-- ----------------------------
-- Table structure for jxc_goods_lable
-- ----------------------------
DROP TABLE IF EXISTS `jxc_goods_lable`;
CREATE TABLE `jxc_goods_lable`  (
  `id` bigint NOT NULL AUTO_INCREMENT,
  `goods_id` bigint NULL DEFAULT NULL,
  `insert_time` datetime(0) NULL DEFAULT NULL,
  `lable_id` bigint NULL DEFAULT NULL,
  `update_time` datetime(0) NULL DEFAULT NULL,
  PRIMARY KEY (`id`) USING BTREE,
  UNIQUE INDEX `UKoe2lgu2pg4n7y3umasnglem06`(`goods_id`, `lable_id`) USING BTREE
) ENGINE = InnoDB AUTO_INCREMENT = 16 CHARACTER SET = utf8mb4 COLLATE = utf8mb4_0900_ai_ci ROW_FORMAT = DYNAMIC;

-- ----------------------------
-- Records of jxc_goods_lable
-- ----------------------------
INSERT INTO `jxc_goods_lable` VALUES (2, 2, '2020-02-14 10:00:29', 2, '2020-02-14 10:00:39');
INSERT INTO `jxc_goods_lable` VALUES (4, 2, '2020-02-14 03:19:54', 6, NULL);
INSERT INTO `jxc_goods_lable` VALUES (6, 4, '2020-02-14 03:22:10', 6, NULL);
INSERT INTO `jxc_goods_lable` VALUES (8, 10, '2020-02-14 03:24:29', 4, NULL);
INSERT INTO `jxc_goods_lable` VALUES (12, 2, '2020-02-18 10:01:51', 12, NULL);
INSERT INTO `jxc_goods_lable` VALUES (14, 6, '2020-02-18 13:47:22', 2, NULL);
INSERT INTO `jxc_goods_lable` VALUES (16, 8, '2020-02-18 13:47:42', 2, NULL);

-- ----------------------------
-- Table structure for jxc_goods_picture
-- ----------------------------
DROP TABLE IF EXISTS `jxc_goods_picture`;
CREATE TABLE `jxc_goods_picture`  (
  `id` bigint NOT NULL AUTO_INCREMENT,
  `insert_time` datetime(0) NULL DEFAULT NULL,
  `update_time` datetime(0) NULL DEFAULT NULL,
  `goods_id` bigint NULL DEFAULT NULL,
  `picture_id` bigint NULL DEFAULT NULL,
  PRIMARY KEY (`id`) USING BTREE,
  UNIQUE INDEX `UK82770immlj5arhgior92henpv`(`goods_id`, `picture_id`) USING BTREE
) ENGINE = InnoDB CHARACTER SET = utf8mb4 COLLATE = utf8mb4_0900_ai_ci ROW_FORMAT = DYNAMIC;

-- ----------------------------
-- Records of jxc_goods_picture
-- ----------------------------

-- ----------------------------
-- Table structure for jxc_purchase
-- ----------------------------
DROP TABLE IF EXISTS `jxc_purchase`;
CREATE TABLE `jxc_purchase`  (
  `id` bigint NOT NULL AUTO_INCREMENT,
  `insert_time` datetime(0) NULL DEFAULT NULL,
  `update_time` datetime(0) NULL DEFAULT NULL,
  `goods_id` bigint NULL DEFAULT NULL,
  `price` bigint NULL DEFAULT NULL,
  `price_unit_id` bigint NULL DEFAULT NULL,
  `size` bigint NULL DEFAULT NULL,
  `size_unit_id` bigint NULL DEFAULT NULL,
  `supplier_id` bigint NULL DEFAULT NULL,
  PRIMARY KEY (`id`) USING BTREE
) ENGINE = InnoDB CHARACTER SET = utf8mb4 COLLATE = utf8mb4_0900_ai_ci ROW_FORMAT = DYNAMIC;

-- ----------------------------
-- Records of jxc_purchase
-- ----------------------------

-- ----------------------------
-- Table structure for jxc_sales
-- ----------------------------
DROP TABLE IF EXISTS `jxc_sales`;
CREATE TABLE `jxc_sales`  (
  `id` bigint NOT NULL AUTO_INCREMENT,
  `insert_time` datetime(0) NULL DEFAULT NULL,
  `update_time` datetime(0) NULL DEFAULT NULL,
  `cust_id` bigint NULL DEFAULT NULL,
  `goods_id` bigint NULL DEFAULT NULL,
  `price` bigint NULL DEFAULT NULL,
  `price_unit_id` bigint NULL DEFAULT NULL,
  `size` bigint NULL DEFAULT NULL,
  `size_unit_id` bigint NULL DEFAULT NULL,
  PRIMARY KEY (`id`) USING BTREE
) ENGINE = InnoDB AUTO_INCREMENT = 1 CHARACTER SET = utf8mb4 COLLATE = utf8mb4_0900_ai_ci ROW_FORMAT = DYNAMIC;

-- ----------------------------
-- Records of jxc_sales
-- ----------------------------
INSERT INTO `jxc_sales` VALUES (1, '2020-02-20 21:22:02', NULL, 1, 2, 12, 2, 1, 8);

-- ----------------------------
-- Table structure for jxc_stock
-- ----------------------------
DROP TABLE IF EXISTS `jxc_stock`;
CREATE TABLE `jxc_stock`  (
  `id` bigint NOT NULL AUTO_INCREMENT,
  `current_size` bigint NULL DEFAULT NULL,
  `goods_id` bigint NULL DEFAULT NULL,
  `total_sales` bigint NULL DEFAULT NULL,
  `total_size` bigint NULL DEFAULT NULL,
  `update_time` datetime(0) NULL DEFAULT NULL,
  `insert_time` datetime(0) NULL DEFAULT NULL,
  `unit_id` bigint NULL DEFAULT NULL,
  `size` decimal(19, 2) NULL DEFAULT NULL,
  PRIMARY KEY (`id`) USING BTREE,
  UNIQUE INDEX `UKo263ai0y8hskrpmdwcmy4r506`(`goods_id`) USING BTREE
) ENGINE = InnoDB AUTO_INCREMENT = 5 CHARACTER SET = utf8mb4 COLLATE = utf8mb4_0900_ai_ci ROW_FORMAT = DYNAMIC;

-- ----------------------------
-- Records of jxc_stock
-- ----------------------------
INSERT INTO `jxc_stock` VALUES (2, 95, 2, 5, 100, '2020-02-20 17:01:32', '2020-02-20 17:02:09', 8, NULL);
INSERT INTO `jxc_stock` VALUES (4, 21, 6, 56, 23, '2020-02-20 17:01:54', '2020-02-20 17:01:18', 6, NULL);

-- ----------------------------
-- Table structure for jxc_supplier
-- ----------------------------
DROP TABLE IF EXISTS `jxc_supplier`;
CREATE TABLE `jxc_supplier`  (
  `id` bigint NOT NULL AUTO_INCREMENT,
  `insert_time` datetime(0) NULL DEFAULT NULL,
  `update_time` datetime(0) NULL DEFAULT NULL,
  `address` varchar(200) CHARACTER SET utf8mb4 COLLATE utf8mb4_0900_ai_ci NULL DEFAULT NULL,
  `name` varchar(200) CHARACTER SET utf8mb4 COLLATE utf8mb4_0900_ai_ci NULL DEFAULT NULL,
  `phone_number` varchar(50) CHARACTER SET utf8mb4 COLLATE utf8mb4_0900_ai_ci NULL DEFAULT NULL,
  PRIMARY KEY (`id`) USING BTREE,
  UNIQUE INDEX `UKryj58920c55moc35tn1sms4kd`(`name`) USING BTREE
) ENGINE = InnoDB AUTO_INCREMENT = 1 CHARACTER SET = utf8mb4 COLLATE = utf8mb4_0900_ai_ci ROW_FORMAT = DYNAMIC;

-- ----------------------------
-- Records of jxc_supplier
-- ----------------------------
INSERT INTO `jxc_supplier` VALUES (1, '2020-02-20 18:03:03', NULL, '南京西路123号', '螺丝店', '0553-8317458');

-- ----------------------------
-- Table structure for jxc_supplier_lable
-- ----------------------------
DROP TABLE IF EXISTS `jxc_supplier_lable`;
CREATE TABLE `jxc_supplier_lable`  (
  `id` bigint NOT NULL AUTO_INCREMENT,
  `insert_time` datetime(0) NULL DEFAULT NULL,
  `update_time` datetime(0) NULL DEFAULT NULL,
  `lable_id` bigint NULL DEFAULT NULL,
  `supplier_id` bigint NULL DEFAULT NULL,
  PRIMARY KEY (`id`) USING BTREE,
  UNIQUE INDEX `UK8j0fkbce71bbd6g3r18l8ya82`(`supplier_id`, `lable_id`) USING BTREE
) ENGINE = InnoDB CHARACTER SET = utf8mb4 COLLATE = utf8mb4_0900_ai_ci ROW_FORMAT = DYNAMIC;

-- ----------------------------
-- Records of jxc_supplier_lable
-- ----------------------------

-- ----------------------------
-- Table structure for jxc_supplier_picture
-- ----------------------------
DROP TABLE IF EXISTS `jxc_supplier_picture`;
CREATE TABLE `jxc_supplier_picture`  (
  `id` bigint NOT NULL AUTO_INCREMENT,
  `insert_time` datetime(0) NULL DEFAULT NULL,
  `update_time` datetime(0) NULL DEFAULT NULL,
  `picture_id` bigint NULL DEFAULT NULL,
  `supplier_id` bigint NULL DEFAULT NULL,
  PRIMARY KEY (`id`) USING BTREE,
  UNIQUE INDEX `UKioxs4a7oi8f9i6np7q2u9x4ea`(`supplier_id`, `picture_id`) USING BTREE
) ENGINE = InnoDB CHARACTER SET = utf8mb4 COLLATE = utf8mb4_0900_ai_ci ROW_FORMAT = DYNAMIC;

-- ----------------------------
-- Records of jxc_supplier_picture
-- ----------------------------

-- ----------------------------
-- Table structure for sys_auth
-- ----------------------------
DROP TABLE IF EXISTS `sys_auth`;
CREATE TABLE `sys_auth`  (
  `id` bigint NOT NULL AUTO_INCREMENT,
  `insert_time` datetime(0) NULL DEFAULT NULL,
  `sys_data_id` bigint NULL DEFAULT NULL,
  `sys_role_data_id` bigint NULL DEFAULT NULL,
  `sys_role_route_id` bigint NULL DEFAULT NULL,
  `sys_route_id` bigint NULL DEFAULT NULL,
  `sys_user_id` bigint NULL DEFAULT NULL,
  `update_time` datetime(0) NULL DEFAULT NULL,
  PRIMARY KEY (`id`) USING BTREE,
  UNIQUE INDEX `UKpcsalivaeh98xnfwiu7j3jaec`(`sys_user_id`, `sys_role_data_id`) USING BTREE,
  UNIQUE INDEX `UK54mxa1uw9ipksa20h9r2jgs65`(`sys_user_id`, `sys_role_route_id`) USING BTREE,
  UNIQUE INDEX `UKik2n8x4bwk0ow357wwd7t09s8`(`sys_route_id`, `sys_role_route_id`) USING BTREE,
  UNIQUE INDEX `UKn4sekvu2stjhouk3dcjnijdjs`(`sys_data_id`, `sys_role_route_id`) USING BTREE
) ENGINE = InnoDB AUTO_INCREMENT = 237 CHARACTER SET = utf8mb4 COLLATE = utf8mb4_0900_ai_ci ROW_FORMAT = DYNAMIC;

-- ----------------------------
-- Records of sys_auth
-- ----------------------------
INSERT INTO `sys_auth` VALUES (1, '2019-07-20 11:39:36', NULL, 1, NULL, NULL, 1, NULL);
INSERT INTO `sys_auth` VALUES (2, '2019-07-20 11:39:36', NULL, NULL, 1, NULL, 1, NULL);
INSERT INTO `sys_auth` VALUES (3, '2019-07-20 11:39:36', 1, 1, NULL, NULL, NULL, NULL);
INSERT INTO `sys_auth` VALUES (4, '2019-07-20 11:39:36', NULL, NULL, 1, 1, NULL, NULL);
INSERT INTO `sys_auth` VALUES (5, '2019-07-20 11:39:36', NULL, NULL, 1, 2, NULL, NULL);
INSERT INTO `sys_auth` VALUES (6, '2019-07-20 11:39:36', NULL, NULL, 1, 3, NULL, NULL);
INSERT INTO `sys_auth` VALUES (7, '2019-07-20 11:39:36', NULL, NULL, 1, 4, NULL, NULL);
INSERT INTO `sys_auth` VALUES (8, '2019-07-20 11:39:36', NULL, NULL, 1, 5, NULL, NULL);
INSERT INTO `sys_auth` VALUES (9, '2019-07-20 11:39:36', NULL, NULL, 1, 21, NULL, NULL);
INSERT INTO `sys_auth` VALUES (10, '2019-07-20 11:39:36', NULL, NULL, 1, 22, NULL, NULL);
INSERT INTO `sys_auth` VALUES (11, '2019-07-20 11:39:36', NULL, NULL, 1, 23, NULL, NULL);
INSERT INTO `sys_auth` VALUES (12, '2019-07-20 11:39:36', NULL, NULL, 1, 24, NULL, NULL);
INSERT INTO `sys_auth` VALUES (13, '2019-07-20 11:39:36', NULL, NULL, 1, 31, NULL, NULL);
INSERT INTO `sys_auth` VALUES (14, '2019-07-20 11:39:36', NULL, NULL, 1, 32, NULL, NULL);
INSERT INTO `sys_auth` VALUES (15, '2019-07-20 11:39:36', NULL, NULL, 1, 41, NULL, NULL);
INSERT INTO `sys_auth` VALUES (16, '2019-07-20 11:39:36', NULL, NULL, 1, 42, NULL, NULL);
INSERT INTO `sys_auth` VALUES (17, '2019-07-20 11:39:36', NULL, NULL, 1, 421, NULL, NULL);
INSERT INTO `sys_auth` VALUES (18, '2019-07-20 11:39:36', NULL, NULL, 1, 422, NULL, NULL);
INSERT INTO `sys_auth` VALUES (19, '2019-07-20 11:39:36', NULL, NULL, 1, 43, NULL, NULL);
INSERT INTO `sys_auth` VALUES (20, '2019-07-20 11:39:36', NULL, NULL, 1, 44, NULL, NULL);
INSERT INTO `sys_auth` VALUES (21, '2019-07-20 11:39:36', NULL, NULL, 1, 51, NULL, NULL);
INSERT INTO `sys_auth` VALUES (22, '2019-07-20 11:39:36', NULL, NULL, 1, 52, NULL, NULL);
INSERT INTO `sys_auth` VALUES (23, '2019-07-20 11:39:36', NULL, NULL, 1, 53, NULL, NULL);
INSERT INTO `sys_auth` VALUES (24, '2019-07-20 11:39:36', NULL, NULL, 1, 54, NULL, NULL);
INSERT INTO `sys_auth` VALUES (25, '2019-07-20 11:39:36', NULL, NULL, 1, 511, NULL, NULL);
INSERT INTO `sys_auth` VALUES (26, '2019-07-20 11:39:36', NULL, NULL, 1, 512, NULL, NULL);
INSERT INTO `sys_auth` VALUES (27, '2019-07-20 11:39:36', NULL, NULL, 1, 513, NULL, NULL);
INSERT INTO `sys_auth` VALUES (28, '2019-07-20 11:39:36', NULL, NULL, 1, 521, NULL, NULL);
INSERT INTO `sys_auth` VALUES (29, '2019-07-20 11:39:36', NULL, NULL, 1, 522, NULL, NULL);
INSERT INTO `sys_auth` VALUES (30, '2019-07-20 11:39:36', NULL, NULL, 1, 523, NULL, NULL);
INSERT INTO `sys_auth` VALUES (31, '2019-07-20 11:39:36', NULL, NULL, 1, 541, NULL, NULL);
INSERT INTO `sys_auth` VALUES (32, '2019-07-20 11:39:36', NULL, NULL, 1, 542, NULL, NULL);
INSERT INTO `sys_auth` VALUES (33, '2019-07-30 20:19:52', NULL, 1, NULL, NULL, 2, NULL);
INSERT INTO `sys_auth` VALUES (34, '2019-08-01 21:02:05', NULL, NULL, 1, NULL, 2, NULL);
INSERT INTO `sys_auth` VALUES (35, '2019-07-20 11:39:36', NULL, NULL, 1, 33, NULL, NULL);
INSERT INTO `sys_auth` VALUES (52, '2020-02-11 04:56:44', NULL, NULL, 10, 1, NULL, NULL);
INSERT INTO `sys_auth` VALUES (90, '2020-02-11 05:46:13', NULL, NULL, 10, 2, NULL, NULL);
INSERT INTO `sys_auth` VALUES (92, '2020-02-11 05:46:13', NULL, NULL, 10, 21, NULL, NULL);
INSERT INTO `sys_auth` VALUES (94, '2020-02-11 05:46:13', NULL, NULL, 10, 22, NULL, NULL);
INSERT INTO `sys_auth` VALUES (96, '2020-02-11 05:46:13', NULL, NULL, 10, 23, NULL, NULL);
INSERT INTO `sys_auth` VALUES (98, '2020-02-11 05:46:13', NULL, NULL, 10, 24, NULL, NULL);
INSERT INTO `sys_auth` VALUES (100, '2020-02-11 05:46:13', NULL, NULL, 10, 3, NULL, NULL);
INSERT INTO `sys_auth` VALUES (102, '2020-02-11 05:46:13', NULL, NULL, 10, 31, NULL, NULL);
INSERT INTO `sys_auth` VALUES (104, '2020-02-11 05:46:13', NULL, NULL, 10, 32, NULL, NULL);
INSERT INTO `sys_auth` VALUES (106, '2020-02-11 05:46:13', NULL, NULL, 10, 33, NULL, NULL);
INSERT INTO `sys_auth` VALUES (108, '2020-02-11 05:46:13', NULL, NULL, 10, 4, NULL, NULL);
INSERT INTO `sys_auth` VALUES (110, '2020-02-11 05:46:13', NULL, NULL, 10, 41, NULL, NULL);
INSERT INTO `sys_auth` VALUES (112, '2020-02-11 05:46:13', NULL, NULL, 10, 42, NULL, NULL);
INSERT INTO `sys_auth` VALUES (114, '2020-02-11 05:46:13', NULL, NULL, 10, 421, NULL, NULL);
INSERT INTO `sys_auth` VALUES (116, '2020-02-11 05:46:13', NULL, NULL, 10, 422, NULL, NULL);
INSERT INTO `sys_auth` VALUES (118, '2020-02-11 05:46:13', NULL, NULL, 10, 43, NULL, NULL);
INSERT INTO `sys_auth` VALUES (120, '2020-02-11 05:46:13', NULL, NULL, 10, 44, NULL, NULL);
INSERT INTO `sys_auth` VALUES (122, '2020-02-11 05:46:13', NULL, NULL, 10, 5, NULL, NULL);
INSERT INTO `sys_auth` VALUES (124, '2020-02-11 05:46:13', NULL, NULL, 10, 51, NULL, NULL);
INSERT INTO `sys_auth` VALUES (126, '2020-02-11 05:46:13', NULL, NULL, 10, 511, NULL, NULL);
INSERT INTO `sys_auth` VALUES (128, '2020-02-11 05:46:13', NULL, NULL, 10, 512, NULL, NULL);
INSERT INTO `sys_auth` VALUES (130, '2020-02-11 05:46:13', NULL, NULL, 10, 513, NULL, NULL);
INSERT INTO `sys_auth` VALUES (132, '2020-02-11 05:46:13', NULL, NULL, 10, 52, NULL, NULL);
INSERT INTO `sys_auth` VALUES (134, '2020-02-11 05:46:13', NULL, NULL, 10, 521, NULL, NULL);
INSERT INTO `sys_auth` VALUES (136, '2020-02-11 05:46:13', NULL, NULL, 10, 522, NULL, NULL);
INSERT INTO `sys_auth` VALUES (138, '2020-02-11 05:46:13', NULL, NULL, 10, 523, NULL, NULL);
INSERT INTO `sys_auth` VALUES (140, '2020-02-11 05:46:13', NULL, NULL, 10, 53, NULL, NULL);
INSERT INTO `sys_auth` VALUES (142, '2020-02-11 05:46:13', NULL, NULL, 10, 54, NULL, NULL);
INSERT INTO `sys_auth` VALUES (144, '2020-02-11 05:46:14', NULL, NULL, 10, 541, NULL, NULL);
INSERT INTO `sys_auth` VALUES (146, '2020-02-11 05:46:14', NULL, NULL, 10, 542, NULL, NULL);
INSERT INTO `sys_auth` VALUES (148, '2020-02-11 05:47:07', NULL, NULL, 12, 1, NULL, NULL);
INSERT INTO `sys_auth` VALUES (150, '2020-02-11 06:04:55', NULL, NULL, 14, 1, NULL, NULL);
INSERT INTO `sys_auth` VALUES (152, '2020-02-11 06:04:55', NULL, NULL, 14, 3, NULL, NULL);
INSERT INTO `sys_auth` VALUES (154, '2020-02-11 06:04:55', NULL, NULL, 14, 31, NULL, NULL);
INSERT INTO `sys_auth` VALUES (156, '2020-02-11 06:04:55', NULL, NULL, 14, 32, NULL, NULL);
INSERT INTO `sys_auth` VALUES (158, '2020-02-11 06:04:55', NULL, NULL, 14, 33, NULL, NULL);
INSERT INTO `sys_auth` VALUES (160, '2020-02-11 06:04:55', NULL, NULL, 14, 4, NULL, NULL);
INSERT INTO `sys_auth` VALUES (162, '2020-02-11 06:04:55', NULL, NULL, 14, 41, NULL, NULL);
INSERT INTO `sys_auth` VALUES (164, '2020-02-11 06:04:55', NULL, NULL, 14, 42, NULL, NULL);
INSERT INTO `sys_auth` VALUES (166, '2020-02-11 06:04:55', NULL, NULL, 14, 421, NULL, NULL);
INSERT INTO `sys_auth` VALUES (168, '2020-02-11 06:04:55', NULL, NULL, 14, 422, NULL, NULL);
INSERT INTO `sys_auth` VALUES (170, '2020-02-11 06:04:55', NULL, NULL, 14, 43, NULL, NULL);
INSERT INTO `sys_auth` VALUES (172, '2020-02-11 06:04:55', NULL, NULL, 14, 44, NULL, NULL);
INSERT INTO `sys_auth` VALUES (174, '2020-02-11 06:04:55', NULL, NULL, 14, 5, NULL, NULL);
INSERT INTO `sys_auth` VALUES (176, '2020-02-11 06:04:55', NULL, NULL, 14, 51, NULL, NULL);
INSERT INTO `sys_auth` VALUES (178, '2020-02-11 06:04:55', NULL, NULL, 14, 511, NULL, NULL);
INSERT INTO `sys_auth` VALUES (180, '2020-02-11 06:04:55', NULL, NULL, 14, 512, NULL, NULL);
INSERT INTO `sys_auth` VALUES (182, '2020-02-11 06:04:55', NULL, NULL, 14, 513, NULL, NULL);
INSERT INTO `sys_auth` VALUES (184, '2020-02-11 06:04:55', NULL, NULL, 14, 52, NULL, NULL);
INSERT INTO `sys_auth` VALUES (186, '2020-02-11 06:04:55', NULL, NULL, 14, 521, NULL, NULL);
INSERT INTO `sys_auth` VALUES (188, '2020-02-11 06:04:55', NULL, NULL, 14, 522, NULL, NULL);
INSERT INTO `sys_auth` VALUES (190, '2020-02-11 06:04:55', NULL, NULL, 14, 523, NULL, NULL);
INSERT INTO `sys_auth` VALUES (192, '2020-02-11 06:04:55', NULL, NULL, 14, 53, NULL, NULL);
INSERT INTO `sys_auth` VALUES (194, '2020-02-11 06:04:55', NULL, NULL, 14, 54, NULL, NULL);
INSERT INTO `sys_auth` VALUES (196, '2020-02-11 06:04:56', NULL, NULL, 14, 541, NULL, NULL);
INSERT INTO `sys_auth` VALUES (198, '2020-02-11 06:04:56', NULL, NULL, 14, 542, NULL, NULL);
INSERT INTO `sys_auth` VALUES (200, '2020-02-11 12:59:44', NULL, 4, NULL, NULL, 2, NULL);
INSERT INTO `sys_auth` VALUES (202, '2020-02-11 12:59:44', NULL, NULL, 14, NULL, 2, NULL);
INSERT INTO `sys_auth` VALUES (204, '2020-02-11 13:19:30', NULL, 1, NULL, NULL, 4, NULL);
INSERT INTO `sys_auth` VALUES (206, '2020-02-11 13:19:30', NULL, NULL, 1, NULL, 4, NULL);
INSERT INTO `sys_auth` VALUES (212, '2020-02-11 14:09:15', NULL, 4, NULL, NULL, 6, NULL);
INSERT INTO `sys_auth` VALUES (214, '2020-02-11 14:09:16', NULL, NULL, 14, NULL, 6, NULL);
INSERT INTO `sys_auth` VALUES (216, '2020-02-13 05:37:30', NULL, NULL, 1, 550, NULL, NULL);
INSERT INTO `sys_auth` VALUES (218, '2020-02-13 07:38:19', NULL, NULL, 14, 2, NULL, NULL);
INSERT INTO `sys_auth` VALUES (220, '2020-02-13 07:38:19', NULL, NULL, 14, 21, NULL, NULL);
INSERT INTO `sys_auth` VALUES (222, '2020-02-13 07:38:19', NULL, NULL, 14, 22, NULL, NULL);
INSERT INTO `sys_auth` VALUES (224, '2020-02-13 07:38:19', NULL, NULL, 14, 23, NULL, NULL);
INSERT INTO `sys_auth` VALUES (226, '2020-02-13 07:38:19', NULL, NULL, 14, 24, NULL, NULL);
INSERT INTO `sys_auth` VALUES (228, '2020-02-13 07:38:19', NULL, NULL, 14, 550, NULL, NULL);
INSERT INTO `sys_auth` VALUES (230, '2020-02-16 03:52:40', NULL, NULL, 1, 552, NULL, NULL);
INSERT INTO `sys_auth` VALUES (232, '2020-02-16 03:52:40', NULL, NULL, 1, 554, NULL, NULL);
INSERT INTO `sys_auth` VALUES (234, '2020-02-16 03:52:40', NULL, NULL, 1, 556, NULL, NULL);
INSERT INTO `sys_auth` VALUES (236, '2020-02-16 03:52:40', NULL, NULL, 1, 558, NULL, NULL);

-- ----------------------------
-- Table structure for sys_data
-- ----------------------------
DROP TABLE IF EXISTS `sys_data`;
CREATE TABLE `sys_data`  (
  `id` bigint NOT NULL AUTO_INCREMENT,
  `f_id` bigint NULL DEFAULT NULL,
  `insert_time` datetime(0) NULL DEFAULT NULL,
  `name` varchar(200) CHARACTER SET utf8mb4 COLLATE utf8mb4_0900_ai_ci NULL DEFAULT NULL,
  `update_time` datetime(0) NULL DEFAULT NULL,
  PRIMARY KEY (`id`) USING BTREE,
  UNIQUE INDEX `UKbm176q8ontvekicvvavbiqvfm`(`name`) USING BTREE
) ENGINE = InnoDB AUTO_INCREMENT = 4 CHARACTER SET = utf8mb4 COLLATE = utf8mb4_0900_ai_ci ROW_FORMAT = DYNAMIC;

-- ----------------------------
-- Records of sys_data
-- ----------------------------
INSERT INTO `sys_data` VALUES (1, NULL, '2019-07-20 11:28:29', 'xlwj', NULL);
INSERT INTO `sys_data` VALUES (4, NULL, '2020-02-11 08:34:22', '测1', NULL);

-- ----------------------------
-- Table structure for sys_id
-- ----------------------------
DROP TABLE IF EXISTS `sys_id`;
CREATE TABLE `sys_id`  (
  `id` bigint NOT NULL AUTO_INCREMENT,
  `insert_time` datetime(0) NULL DEFAULT NULL,
  `update_time` datetime(0) NULL DEFAULT NULL,
  PRIMARY KEY (`id`) USING BTREE
) ENGINE = InnoDB AUTO_INCREMENT = 111 CHARACTER SET = utf8mb4 COLLATE = utf8mb4_0900_ai_ci ROW_FORMAT = DYNAMIC;

-- ----------------------------
-- Records of sys_id
-- ----------------------------
INSERT INTO `sys_id` VALUES (1, '2019-05-18 13:53:39', NULL);
INSERT INTO `sys_id` VALUES (2, '2019-05-18 13:53:40', NULL);
INSERT INTO `sys_id` VALUES (3, '2019-05-18 18:36:19', NULL);
INSERT INTO `sys_id` VALUES (4, '2019-05-19 09:29:26', NULL);
INSERT INTO `sys_id` VALUES (5, '2019-05-19 09:29:27', NULL);
INSERT INTO `sys_id` VALUES (6, '2019-05-19 09:30:13', NULL);
INSERT INTO `sys_id` VALUES (7, '2019-05-19 09:30:34', NULL);
INSERT INTO `sys_id` VALUES (8, '2019-05-19 09:30:59', NULL);
INSERT INTO `sys_id` VALUES (9, '2019-05-19 09:31:35', NULL);
INSERT INTO `sys_id` VALUES (10, '2019-05-19 09:31:44', NULL);
INSERT INTO `sys_id` VALUES (11, '2019-05-19 09:33:05', NULL);
INSERT INTO `sys_id` VALUES (12, '2019-05-19 09:35:00', NULL);
INSERT INTO `sys_id` VALUES (13, '2019-05-19 09:35:28', NULL);
INSERT INTO `sys_id` VALUES (14, '2019-05-19 09:35:29', NULL);
INSERT INTO `sys_id` VALUES (15, '2019-05-19 09:35:30', NULL);
INSERT INTO `sys_id` VALUES (16, '2019-05-19 09:37:54', NULL);
INSERT INTO `sys_id` VALUES (17, '2019-05-19 09:37:55', NULL);
INSERT INTO `sys_id` VALUES (18, '2019-05-19 09:37:56', NULL);
INSERT INTO `sys_id` VALUES (19, '2019-05-19 09:41:13', NULL);
INSERT INTO `sys_id` VALUES (20, '2019-05-19 09:41:25', NULL);
INSERT INTO `sys_id` VALUES (21, '2019-05-19 09:41:34', NULL);
INSERT INTO `sys_id` VALUES (22, '2019-05-19 13:22:37', NULL);
INSERT INTO `sys_id` VALUES (23, '2019-05-19 13:22:39', NULL);
INSERT INTO `sys_id` VALUES (24, '2019-05-19 13:23:43', NULL);
INSERT INTO `sys_id` VALUES (25, '2019-05-19 13:32:04', NULL);
INSERT INTO `sys_id` VALUES (26, '2019-05-19 13:32:34', NULL);
INSERT INTO `sys_id` VALUES (27, '2019-05-19 13:37:06', NULL);
INSERT INTO `sys_id` VALUES (28, '2019-05-19 13:37:11', NULL);
INSERT INTO `sys_id` VALUES (111, '2019-07-06 08:57:59', NULL);

-- ----------------------------
-- Table structure for sys_role_data
-- ----------------------------
DROP TABLE IF EXISTS `sys_role_data`;
CREATE TABLE `sys_role_data`  (
  `id` bigint NOT NULL AUTO_INCREMENT,
  `insert_time` datetime(0) NULL DEFAULT NULL,
  `name` varchar(200) CHARACTER SET utf8mb4 COLLATE utf8mb4_0900_ai_ci NULL DEFAULT NULL,
  `update_time` datetime(0) NULL DEFAULT NULL,
  PRIMARY KEY (`id`) USING BTREE,
  UNIQUE INDEX `UKr8s3r2neu1wa1ykwfen2w1oih`(`name`) USING BTREE
) ENGINE = InnoDB AUTO_INCREMENT = 20 CHARACTER SET = utf8mb4 COLLATE = utf8mb4_0900_ai_ci ROW_FORMAT = DYNAMIC;

-- ----------------------------
-- Records of sys_role_data
-- ----------------------------
INSERT INTO `sys_role_data` VALUES (1, '2019-07-20 11:40:06', 'super', NULL);
INSERT INTO `sys_role_data` VALUES (4, '2020-02-11 06:03:59', '测试数据角色', NULL);
INSERT INTO `sys_role_data` VALUES (18, '2020-02-13 02:39:35', '测试1', NULL);
INSERT INTO `sys_role_data` VALUES (20, '2020-02-13 02:39:43', '测试2', NULL);

-- ----------------------------
-- Table structure for sys_role_route
-- ----------------------------
DROP TABLE IF EXISTS `sys_role_route`;
CREATE TABLE `sys_role_route`  (
  `id` bigint NOT NULL AUTO_INCREMENT,
  `insert_time` datetime(0) NULL DEFAULT NULL,
  `name` varchar(200) CHARACTER SET utf8mb4 COLLATE utf8mb4_0900_ai_ci NULL DEFAULT NULL,
  `update_time` datetime(0) NULL DEFAULT NULL,
  PRIMARY KEY (`id`) USING BTREE,
  UNIQUE INDEX `UKlyyy032y3gh7eh5wkxato3iwu`(`name`) USING BTREE
) ENGINE = InnoDB AUTO_INCREMENT = 15 CHARACTER SET = utf8mb4 COLLATE = utf8mb4_0900_ai_ci ROW_FORMAT = DYNAMIC;

-- ----------------------------
-- Records of sys_role_route
-- ----------------------------
INSERT INTO `sys_role_route` VALUES (1, '2019-07-20 11:38:07', 'super', '2020-02-16 04:51:30');
INSERT INTO `sys_role_route` VALUES (14, '2020-02-11 06:04:55', '测试路由角色', NULL);

-- ----------------------------
-- Table structure for sys_route
-- ----------------------------
DROP TABLE IF EXISTS `sys_route`;
CREATE TABLE `sys_route`  (
  `id` bigint NOT NULL AUTO_INCREMENT,
  `f_id` bigint NULL DEFAULT NULL,
  `insert_time` datetime(0) NULL DEFAULT NULL,
  `name` varchar(200) CHARACTER SET utf8mb4 COLLATE utf8mb4_0900_ai_ci NULL DEFAULT NULL,
  `seq` int NULL DEFAULT 0,
  `type` int NULL DEFAULT 0,
  `update_time` datetime(0) NULL DEFAULT NULL,
  PRIMARY KEY (`id`) USING BTREE,
  UNIQUE INDEX `UKo4ykj571lcsp793xi7dl64oty`(`name`) USING BTREE
) ENGINE = InnoDB AUTO_INCREMENT = 559 CHARACTER SET = utf8mb4 COLLATE = utf8mb4_0900_ai_ci ROW_FORMAT = DYNAMIC;

-- ----------------------------
-- Records of sys_route
-- ----------------------------
INSERT INTO `sys_route` VALUES (1, NULL, '2019-07-20 11:30:30', 'index', 0, 0, NULL);
INSERT INTO `sys_route` VALUES (2, NULL, '2019-07-20 11:30:30', 'jxc', 1, 0, NULL);
INSERT INTO `sys_route` VALUES (3, NULL, '2019-07-20 11:30:30', 'admin', 2, 0, NULL);
INSERT INTO `sys_route` VALUES (4, NULL, '2019-07-20 11:30:30', 'system', 3, 0, NULL);
INSERT INTO `sys_route` VALUES (5, NULL, '2019-07-20 11:30:30', 'funShow', 4, 0, NULL);
INSERT INTO `sys_route` VALUES (21, 2, '2019-07-20 11:30:30', 'goods', 0, 0, NULL);
INSERT INTO `sys_route` VALUES (22, 3, '2019-07-20 11:30:30', 'lable', 2, 0, NULL);
INSERT INTO `sys_route` VALUES (23, 2, '2019-07-20 11:30:30', 'stock', 3, 0, NULL);
INSERT INTO `sys_route` VALUES (24, 2, '2019-07-20 11:30:30', 'cust', 4, 0, NULL);
INSERT INTO `sys_route` VALUES (31, 4, '2019-07-20 11:30:30', 'role', 0, 0, NULL);
INSERT INTO `sys_route` VALUES (32, 4, '2019-07-20 11:30:30', 'user', 1, 0, NULL);
INSERT INTO `sys_route` VALUES (33, 4, '2019-08-03 16:27:47', 'permission', 2, 0, NULL);
INSERT INTO `sys_route` VALUES (41, 4, '2019-07-20 11:30:30', 'icons', 0, 0, NULL);
INSERT INTO `sys_route` VALUES (42, 4, '2019-07-20 11:30:30', 'errorPages', 1, 0, NULL);
INSERT INTO `sys_route` VALUES (43, 4, '2019-07-20 11:30:30', 'theme', 2, 0, NULL);
INSERT INTO `sys_route` VALUES (44, 4, '2019-07-20 11:30:30', 'i18n', 3, 0, NULL);
INSERT INTO `sys_route` VALUES (51, 5, '2019-07-20 11:30:30', 'components', 0, 0, NULL);
INSERT INTO `sys_route` VALUES (52, 5, '2019-07-20 11:30:30', 'charts', 1, 0, NULL);
INSERT INTO `sys_route` VALUES (53, 5, '2019-07-20 11:30:30', 'tab', 2, 0, NULL);
INSERT INTO `sys_route` VALUES (54, 5, '2019-07-20 11:30:30', 'table', 3, 0, NULL);
INSERT INTO `sys_route` VALUES (421, 42, '2019-07-20 11:30:30', 'page401', 0, 0, NULL);
INSERT INTO `sys_route` VALUES (422, 42, '2019-07-20 11:30:30', 'page404', 1, 0, NULL);
INSERT INTO `sys_route` VALUES (511, 51, '2019-07-20 11:30:30', 'dragDialog', 0, 0, NULL);
INSERT INTO `sys_route` VALUES (512, 51, '2019-07-20 11:30:30', 'dndList', 1, 0, NULL);
INSERT INTO `sys_route` VALUES (513, 51, '2019-07-20 11:30:30', 'dragKanban', 2, 0, NULL);
INSERT INTO `sys_route` VALUES (521, 52, '2019-07-20 11:30:30', 'keyboardChart', 3, 0, NULL);
INSERT INTO `sys_route` VALUES (522, 52, '2019-07-20 11:30:30', 'lineChart', 4, 0, NULL);
INSERT INTO `sys_route` VALUES (523, 52, '2019-07-20 11:30:30', 'mixChart', 5, 0, NULL);
INSERT INTO `sys_route` VALUES (541, 54, '2019-07-20 11:30:30', 'inlineEditTable', 0, 0, NULL);
INSERT INTO `sys_route` VALUES (542, 54, '2019-07-20 11:30:30', 'complexTable', 1, 0, NULL);
INSERT INTO `sys_route` VALUES (550, 2, '2020-02-13 04:43:20', 'purchase', 0, 0, '2020-02-16 03:51:22');
INSERT INTO `sys_route` VALUES (552, 2, '2020-02-16 03:51:36', 'sales', 5, 0, '2020-02-16 04:03:35');
INSERT INTO `sys_route` VALUES (554, 3, '2020-02-16 03:51:48', 'picture', 7, 0, '2020-02-16 04:03:41');
INSERT INTO `sys_route` VALUES (556, 3, '2020-02-16 03:51:57', 'unit', 3, 0, '2020-02-16 04:03:47');
INSERT INTO `sys_route` VALUES (558, 2, '2020-02-16 03:52:13', 'supplier', 5, 0, '2020-02-20 17:06:35');

-- ----------------------------
-- Table structure for sys_user
-- ----------------------------
DROP TABLE IF EXISTS `sys_user`;
CREATE TABLE `sys_user`  (
  `id` bigint NOT NULL AUTO_INCREMENT,
  `insert_time` datetime(0) NULL DEFAULT NULL,
  `level` varchar(200) CHARACTER SET utf8mb4 COLLATE utf8mb4_0900_ai_ci NULL DEFAULT NULL,
  `password` varchar(200) CHARACTER SET utf8mb4 COLLATE utf8mb4_0900_ai_ci NULL DEFAULT NULL,
  `status` varchar(200) CHARACTER SET utf8mb4 COLLATE utf8mb4_0900_ai_ci NULL DEFAULT NULL,
  `username` varchar(200) CHARACTER SET utf8mb4 COLLATE utf8mb4_0900_ai_ci NULL DEFAULT NULL,
  `update_time` datetime(0) NULL DEFAULT NULL,
  PRIMARY KEY (`id`) USING BTREE,
  UNIQUE INDEX `UK_51bvuyvihefoh4kp5syh2jpi4`(`username`) USING BTREE,
  UNIQUE INDEX `UK51bvuyvihefoh4kp5syh2jpi4`(`username`) USING BTREE
) ENGINE = InnoDB AUTO_INCREMENT = 7 CHARACTER SET = utf8mb4 COLLATE = utf8mb4_0900_ai_ci ROW_FORMAT = DYNAMIC;

-- ----------------------------
-- Records of sys_user
-- ----------------------------
INSERT INTO `sys_user` VALUES (1, '2020-02-10 10:00:51', 'super', '19ee1f75b9174f927d79c73f810e173f5305d33b', 'able', 'admin', NULL);
INSERT INTO `sys_user` VALUES (6, '2020-02-11 14:09:05', 'super', '36592d5d0c281ade34b8025e2f06cf460d6e785e', 'able', 'test', '2020-02-13 07:28:23');

SET FOREIGN_KEY_CHECKS = 1;
