/*
 Navicat Premium Data Transfer

 Source Server         : localhost
 Source Server Type    : MySQL
 Source Server Version : 80019
 Source Host           : localhost:3306
 Source Schema         : king

 Target Server Type    : MySQL
 Target Server Version : 80019
 File Encoding         : 65001

 Date: 20/02/2020 22:11:32
*/

SET NAMES utf8mb4;
SET FOREIGN_KEY_CHECKS = 0;

-- ----------------------------
-- Table structure for admin_lable
-- ----------------------------
DROP TABLE IF EXISTS `admin_lable`;
CREATE TABLE `admin_lable`  (
  `id` bigint(0) NOT NULL AUTO_INCREMENT,
  `insert_time` datetime(0) DEFAULT NULL,
  `name` varchar(200) CHARACTER SET utf8mb4 COLLATE utf8mb4_0900_ai_ci DEFAULT NULL,
  `update_time` datetime(0) DEFAULT NULL,
  PRIMARY KEY (`id`) USING BTREE,
  UNIQUE INDEX `UKqydekm0y4umsaa3f6wjspkhmm`(`name`) USING BTREE,
  UNIQUE INDEX `UK78v58qc921lfph71ti8uwotok`(`name`) USING BTREE
) ENGINE = InnoDB AUTO_INCREMENT = 23 CHARACTER SET = utf8mb4 COLLATE = utf8mb4_0900_ai_ci ROW_FORMAT = Dynamic;

-- ----------------------------
-- Records of admin_lable
-- ----------------------------
INSERT INTO `admin_lable` VALUES (2, '2020-02-13 02:26:07', '香烟', '2020-02-17 14:39:44');
INSERT INTO `admin_lable` VALUES (4, '2020-02-13 03:21:44', '酒水', '2020-02-18 03:41:07');
INSERT INTO `admin_lable` VALUES (6, '2020-02-14 03:19:54', '黄山', NULL);
INSERT INTO `admin_lable` VALUES (22, '2020-02-18 13:55:29', '321', NULL);

-- ----------------------------
-- Table structure for admin_picture
-- ----------------------------
DROP TABLE IF EXISTS `admin_picture`;
CREATE TABLE `admin_picture`  (
  `id` bigint(0) NOT NULL AUTO_INCREMENT,
  `insert_time` datetime(0) DEFAULT NULL,
  `update_time` datetime(0) DEFAULT NULL,
  `bytes` blob NOT NULL,
  `name` varchar(200) CHARACTER SET utf8mb4 COLLATE utf8mb4_0900_ai_ci DEFAULT NULL,
  `path` varchar(200) CHARACTER SET utf8mb4 COLLATE utf8mb4_0900_ai_ci DEFAULT NULL,
  PRIMARY KEY (`id`) USING BTREE,
  UNIQUE INDEX `UK91cawjowi232x30q664n0p3x1`(`name`) USING BTREE,
  UNIQUE INDEX `UKsieic1wbo4yawp5tr5jrkqs0s`(`name`) USING BTREE
) ENGINE = InnoDB AUTO_INCREMENT = 7 CHARACTER SET = utf8mb4 COLLATE = utf8mb4_0900_ai_ci ROW_FORMAT = Dynamic;

-- ----------------------------
-- Records of admin_picture
-- ----------------------------
INSERT INTO `admin_picture` VALUES (6, '2020-02-18 03:15:45', '2020-02-18 09:11:37', 0x47494638396150005000EFBFBD000064EFBFBDEFBFBDEFBFBDEFBFBDEFBFBDEFBFBDEFBFBDEFBFBD00000054EFBFBDEFBFBDEFBFBDEFBFBDEFBFBDEFBFBDEFBFBDEFBFBD3BEFBFBD7F0A161577EFBFBDEFBFBDEFBFBDEFBFBDEFBFBDEFBFBDEFBFBDEFBFBDEFBFBDEFBFBDEFBFBDEFBFBDEFBFBDEFBFBD1A3A39EFBFBDEFBFBDEFBFBDEFBFBDEFBFBDEFBFBDEFBFBD0E201FEFBFBDEFBFBDEFBFBDEFBFBDDDA8EFBFBDEFBFBD5FEFBFBDEFBFBDEFBFBDEFBFBDEFBFBDEFBFBDDE8CEFBFBDEFBFBD58EFBFBDEFBFBDEFBFBDEFBFBDEFBFBD57575724504F171717EFBFBDEFBFBDEFBFBDEFBFBDEFBFBDEFBFBD4B4B4B51EFBFBDEFBFBD07100FEFBFBDEFBFBDEFBFBDEFBFBDEFBFBDEFBFBDEFBFBDECB8B8EFBFBDEFBFBDEFBFBDEFBFBD5FEFBFBDEFBFBD55EFBFBDEFBFBDEFBFBDEFBFBDEFBFBD5DEFBFBDC797EFBFBDEFBFBD60EFBFBDCE88EFBFBDEFBFBD33716F46EFBFBDEFBFBD2E6664EFBFBDEFBFBDEFBFBD46EFBFBDEFBFBDEFBFBDEFBFBDEFBFBD60EFBFBDCFA6EFBFBDEFBFBD797979EFBFBDEFBFBDEFBFBD47EFBFBDEFBFBD377776EFBFBDEFBFBDEFBFBD6D7474EFBFBDEFBFBDEFBFBDEFBFBDEFBFBDC8B9EFBFBDEFBFBD4EEFBFBDEFBFBD6868683BEFBFBD7EEFBFBDEFBFBDF4858585EFBFBDEFBFBDEFBFBD78EFBFBDEFBFBDEFBFBDEFBFBDEFBFBDEFBFBDEFBFBDEFBFBD4DEFBFBDEFBFBD49EFBFBDEFBFBDEFBFBDEFBFBDEFBFBD4AEFBFBDEFBFBDEFBFBDEFBFBDEFBFBD42EFBFBDEFBFBD6A6A6AEFBFBDEFBFBDEFBFBDEFBFBDEFBFBDEFBFBD454545285756EFBFBDEFBFBDEFBFBDEFBFBDEFBFBDEFBFBDEFBFBDEFBFBDEFBFBDEFBFBDE39696EFBFBDEFBFBDEFBFBDEFBFBDEFBFBDEFBFBDEFBFBDEFBFBDEFBFBDEFBFBDEFBFBDEFBFBDEFBFBDEFBFBDEFBFBDD38CEFBFBDEFBFBDEFBFBDEFBFBDEFBFBDD3BCC8B3EFBFBDEFBFBDEFBFBDEFBFBDEFBFBDEFBFBDEFBFBDEFBFBD7AEFBFBDEFBFBDEFBFBDEFBFBDEFBFBDEFBFBDCE97EFBFBDEFBFBD6CEFBFBDEFBFBD65565EEFBFBDEFBFBDEFBFBDEFBFBDEFBFBDEFA89EEFBFBDD5A9EFBFBDEFBFBDEFBFBDEFBFBD60EFBFBDEFBFBDEFBFBDEFBFBDEFBFBD54666556EFBFBDEFBFBDEFBFBDEFBFBDEFBFBDEFBFBDEFBFBDEFBFBD34716FEFBFBDEFBFBDD691EFBFBDC997EFBFBDEFBFBD63EFBFBDEFBFBDD6B3C48EEFBFBDEFBFBDD1B1EFBFBDEFBFBDEFBFBDEFBFBDEFBFBDEFBFBDEFBFBD21EFBFBD0B4E45545343415045322E30030100000021EFBFBD0405040001002C00000000500050000007EFBFBDEFBFBD00EFBFBDEFBFBDEFBFBDEFBFBDEFBFBDEFBFBDEFBFBDEFBFBDEFBFBDEFBFBDEFBFBDEFBFBDEFBFBDEFBFBDEFBFBDEFBFBDEFBFBDEFBFBDEFBFBDEFBFBDEFBFBDEFBFBDEFBFBDEFBFBDEFBFBDEFBFBDEFBFBDEFBFBDEFBFBDEFBFBDEFBFBDEFBFBDEFBFBDEFBFBDEFBFBDEFBFBDEFBFBDEFBFBDEFBFBDEFBFBDEFBFBDEFBFBDEFBFBDEFBFBDEFBFBDEFBFBDEFBFBDEFBFBDEFBFBDEFBFBDEFBFBDEFBFBDEFBFBD140DEFBFBDEFBFBD180F15EFBFBD1902020A09EFBFBDEFBFBD0CEFBFBD0F0011EFBFBD020BC58EEFBFBD022518EFBFBDEFBFBDCF8B0FEFBFBD2D0DEFBFBD19D78B17EFBFBD0C09EFBFBDEFBFBD0ADF8B0BEFBFBD13000ACCB9EFBFBD09EFBFBDEFBFBD0DEFBFBDEFBFBDEFBFBDEFBFBD10EFBFBDEFBFBDEFBFBDEFBFBDEFBFBDEFBFBD1DEFBFBD2700420966EFBFBD041AEFBFBDEFBFBD2F01EFBFBD0B0A0732EFBFBD402F5F4442DC90EFBFBD6370EFBFBD50EFBFBD7E20EFBFBD751454EFBFBD5E34EFBFBD1DEFBFBDEFBFBD3CEFBFBD11EFBFBDCA931C1D69EFBFBD112BEFBFBDEFBFBD68011559EFBFBDEFBFBD4003EFBFBD047438080D413404EFBFBDEFBFBD2172EFBFBD58EFBFBD02C6802734607DEFBFBD2664EFBFBDEFBFBD0D66CCB8EFBFBDEFBFBDEFBFBD5D22150E06506922EFBFBDEFBFBD68461CEFBFBD6843EFBFBDEFBFBD16224EEFBFBD04EFBFBD40EFBFBD13EFBFBD00044A08EFBFBD5219EFBFBDEFBFBD096644EFBFBD1D6AEFBFBD40EFBFBDEFBFBD202C60EFBFBDEFBFBD196D6921EFBFBD1D54EFBFBDEFBFBD4213EFBFBD3DEFBFBDD19014EFBFBD4003EFBFBDEFBFBD14EFBFBDEFBFBD624E02C581054109EFBFBDCC91EFBFBDEFBFBD742DEFBFBDEFBFBD0B781820E4A48934EFBFBD16EFBFBD36EFBFBD22EFBFBD10EFBFBD483003EFBFBDEFBFBDEFBFBD4B12EFBFBDEFBFBD5A45600447EFBFBD77EFBFBD18EFBFBDE4A1BC7A0734131638EFBFBD65EFBFBD66EFBFBDEFBFBD56EFBFBD7E6BEFBFBDEFBFBDEFBFBDEFBFBD6027EFBFBD5BEFBFBD21EFBFBDEFBFBDEFBFBD62EFBFBD4FEFBFBDEFBFBD2025EFBFBDEFBFBDEFBFBDEAADAAEFBFBDEFBFBDEFBFBDC5801AEFBFBDEFBFBDEFBFBD53EFBFBDEFBFBD17EFBFBD7F1C3053EFBFBD7A0E28714D77EFBFBD5037000F26EFBFBDEFBFBDEFBFBD724FEFBFBD664B050C3010EFBFBD49485CEFBFBDEFBFBD04EFBFBDEFBFBD42016602EFBFBD31EFBFBD003A3C03EFBFBD4B35EFBFBDEFBFBD010FEFBFBD14470F03102AEFBFBDEFBFBD0765EFBFBD20EFBFBD0812EFBFBDEFBFBDEFBFBD00311543EFBFBD071F5070EFBFBD4239EFBFBDEFBFBD60EFBFBD5400EFBFBD330F33EFBFBD20EFBFBD51302DEFBFBD23EFBFBD57EFBFBD1808413CEFBFBD0CEFBFBDEFBFBD31EFBFBDE8939322093470EFBFBD486CEFBFBDEFBFBDEFBFBD70EFBFBD29EFBFBD74EFBFBD69EFBFBD78EFBFBDEFBFBD7CEFBFBDEFBFBD48200021EFBFBD0405040004002C19001200240028000007EFBFBDEFBFBD04EFBFBDEFBFBDEFBFBD0000EFBFBDEFBFBDEFBFBDEFBFBDEFBFBDEFBFBDEFBFBD04001010EFBFBD192509EFBFBDEFBFBDEFBFBDEFBFBDEFBFBD131902020CEFBFBDEFBFBDEFBFBDEFBFBDEFBFBD20EFBFBD13EFBFBD020FEFBFBDEFBFBDEFBFBD0D02EFBFBD0A04EFBFBDEFBFBDEFBFBDEFBFBDEFBFBD000BEFBFBD04EFBFBDEFBFBD25EFBFBDEFBFBDEFBFBD15EFBFBD04EFBFBDEFBFBD0BEFBFBDEFBFBDEFBFBD09EFBFBD200AEFBFBD0CEFBFBDCA8DEFBFBD0BC89EEFBFBDD288EFBFBDEFBFBDEFBFBD02EFBFBDDA83EFBFBD2DEFBFBD0213EFBFBDEFBFBDEFBFBDEFBFBDC8B3EFBFBDEFBFBDC4B30DEFBFBD18130CEFBFBDEFBFBDEFBFBDEFBFBD11EFBFBD1431EFBFBD60EFBFBD40EFBFBD79EFBFBD5A38524701EFBFBDEFBFBD0A0B4505EFBFBD11EFBFBDC2BE450A0CEFBFBDEFBFBD114342EFBFBD14EFBFBDEFBFBDEFBFBD1A495200EFBFBDEFBFBDEFBFBD3450191023EFBFBDEFBFBD41070731EFBFBD407303EFBFBDEFBFBD1BCAA8D0B048EFBFBDEFBFBD011D0EEFBFBD59EFBFBDEFBFBDC48AEFBFBD3806280DEFBFBDC38107EFBFBD2F09EFBFBD18EFBFBDEFBFBDEFBFBD121D0BEFBFBD2512EFBFBD64EFBFBDEFBFBD2A570CEFBFBDEFBFBDEFBFBD04EFBFBDEFBFBD0E0EEFBFBD20EFBFBD6121EFBFBDEFBFBD57EFBFBDEFBFBD7EEFBFBDEFBFBDEFBFBD400003716C0CEFBFBDEFBFBD16060B002AEFBFBD225AEFBFBD4A4A1627EFBFBD04EFBFBDD881EFBFBDEFBFBD05EFBFBDEFBFBDEFBFBD5D72EFBFBDEFBFBD4BEFBFBD084040EFBFBDEFBFBDEFBFBD42EFBFBD68EFBFBD0A78256004EFBFBD02EFBFBD5BEFBFBD09102DE884892CEFBFBD18EFBFBD2EEFBFBD63EFBFBD0B411C4270302108EFBFBDEFBFBD411912EFBFBD0831EFBFBD48EFBFBD22EFBFBD3AEFBFBD48EFBFBD22EFBFBD6F4C55EFBFBD0E7861EFBFBDEFBFBD08421FEFBFBD317020EFBFBD6A220930623C5FC4A4EFBFBDEFBFBD4522EFBFBD2BEFBFBD30EFBFBDEFBFBDEFBFBDEFBFBD4DEFBFBD2B2271EFBFBDEFBFBD200934EFBFBDDA8322EFBFBD3B2118EFBFBDEFBFBD53407BEFBFBDEFBFBDEFBFBD5941EFBFBDEFBFBD700206080EEFBFBD4308EFBFBD0861EFBFBD001F34384805690411EFBFBD0AEFBFBD58EFBFBDEFBFBD2117EFBFBD13080021EFBFBD0405040005002C19001300230026000007EFBFBDEFBFBD05EFBFBDEFBFBDEFBFBD0000EFBFBDEFBFBDEFBFBDEFBFBDEFBFBDEFBFBDEFBFBDEFBFBD00090F0F0900111F18EFBFBDEFBFBDEFBFBDEFBFBD2005021325EFBFBD0CEFBFBDEFBFBDEFBFBD0AEFBFBD050FEFBFBD0215EFBFBDEFBFBD00EFBFBDEFBFBD40EFBFBD0BEFBFBDEFBFBDEFBFBDEFBFBD13EFBFBD02EFBFBDEFBFBDEFBFBDEFBFBDEFBFBD2013EFBFBD02EFBFBDEFBFBD09EFBFBDEFBFBD05EFBFBDC68EEFBFBDEFBFBDEFBFBDEFBFBDEFBFBDCDA4C5AB10D48C0DD6A8EFBFBDD984091FDC840AEFBFBDEFBFBD0D0B02EFBFBD0BEFBFBDEFBFBD17EFBFBD0C15EFBFBDEFBFBD13EFBFBD17EFBFBDEFBFBD2236EFBFBDDBA41A282265EFBFBD400715EFBFBDEFBFBD115A3030EFBFBD062A23743451EFBFBD70D1BE4641240CEFBFBDEFBFBD44EFBFBD210CDC8AEFBFBD184972241419285930723164EFBFBD00071D15551867EFBFBDC48601EFBFBD384841EFBFBD434DEFBFBDEFBFBD1A3A3870504049EFBFBD41EFBFBD1A6519EFBFBD2147EFBFBD005EEFBFBD041968EFBFBDEFBFBD04182C080CEFBFBDEFBFBD6FEFBFBD232924EFBFBD7509EFBFBDEFBFBD5EEFBFBD1D0868702D70EFBFBDEFBFBD324D27EFBFBD1C74EFBFBD5420EFBFBD19EFBFBD2AEFBFBD1262EFBFBDEFBFBD4B1C0C02EFBFBDDB90EFBFBD61EFBFBDEFBFBDEFBFBDEFBFBDEFBFBD5423EFBFBD04EFBFBD7FD998EFBFBDEFBFBDEFBFBD63EFBFBDEFBFBD021EEFBFBDEFBFBDEFBFBD3108EFBFBD260AEFBFBD366874495AD080210F16282861EFBFBD14EFBFBD1038495F1614EFBFBDEFBFBDEFBFBD523970EFBFBD2E3DEFBFBDEFBFBD12022AEFBFBD2D2D3540427063385C4910D1BA541152086078EFBFBDEFBFBD43EFBFBD23EFBFBDEFBFBD5DEFBFBDEFBFBDEFBFBDEFBFBDEFBFBDEFBFBD6FEFBFBDEFBFBD38EFBFBD26EFBFBDEFBFBD13EFBFBD09EFBFBD30EFBFBDEFBFBD18093138EFBFBD14EFBFBDEFBFBDEFBFBD7D33201032EFBFBDEFBFBD16080021EFBFBD0405040008002C18001400230025000007EFBFBDEFBFBD08EFBFBDEFBFBDEFBFBDEFBFBD00EFBFBD0008EFBFBDEFBFBDEFBFBDEFBFBDEFBFBDEFBFBD090F0F09EFBFBDEFBFBDEFBFBDEFBFBD001FEFBFBD0B0014202014EFBFBDEFBFBDEFBFBD0BEFBFBD0C00EFBFBD02EFBFBDEFBFBDEFBFBD000CEFBFBD0A09EFBFBDEFBFBDEFBFBDEFBFBD10EFBFBD1340EFBFBDEFBFBDEFBFBDEFBFBDEFBFBDEFBFBD1102EFBFBDEFBFBDEFBFBDEFBFBD13EFBFBD080CEFBFBD0813C58D1FC8850CEFBFBDCE830920D18519D5830D0CD9830C19EFBFBDEFBFBD19D88E0A14EFBFBDEFBFBDEFBFBDEFBFBD11EFBFBD16EFBFBD25EFBFBD13EFBFBD2E434BEFBFBD14EFBFBDEFBFBD10EFBFBD39EFBFBDD0A1EFBFBD101BEFBFBDEFBFBD5D5220EFBFBDEFBFBD120903EFBFBDC490EFBFBD6CEFBFBDEFBFBD1F18336614114444EFBFBD46EFBFBD060CEFBFBDEFBFBDEFBFBD02EFBFBD683978EFBFBD10235264EFBFBD172F1CEFBFBDD080EFBFBDEFBFBD00041244EFBFBD58EFBFBD4DEFBFBD4F28EFBFBDEFBFBD18EFBFBDEFBFBD25EFBFBD0CEFBFBDEFBFBDEFBFBD48EFBFBD2142EFBFBD4EEFBFBD09EFBFBDEFBFBDEFBFBD51C38400325D04EFBFBD58EFBFBD62EFBFBD081A26594015EFBFBDEFBFBDEFBFBD23EFBFBD3F70EFBFBD5947EFBFBD01EFBFBD43EFBFBDEFBFBD1AEFBFBDEFBFBDEFBFBD42EFBFBD0A154AEFBFBDEFBFBD0163EBA3B2EFBFBD04EFBFBDEFBFBD7113EFBFBD06EFBFBDEFBFBD1E3424EFBFBDEFBFBD10EFBFBD2C0E5A0A72EFBFBD6105324EEFBFBD1E302A1059EFBFBDEFBFBD291EEFBFBD20EFBFBDEFBFBD7810EFBFBD424C203AEFBFBDEFBFBD2743EFBFBD06EFBFBD1FEFBFBD28EFBFBD68EFBFBD06EFBFBDEFBFBD5A10223142EFBFBD00074362373242DB9204EFBFBDEFBFBD0A1477EFBFBD41EFBFBDEFBFBD4652EFBFBD177220EFBFBDEFBFBD7347422CC5B8EFBFBDEFBFBD40EFBFBD460E58707FEFBFBDEFBFBD3B210749EFBFBD71235400EFBFBD200F2F4804EFBFBD26EFBFBDC4860D56EFBFBDDF8F20100021EFBFBD0405040003002C130015001C001B000007EFBFBD03EFBFBDEFBFBDEFBFBDEFBFBDEFBFBD00EFBFBD00EFBFBDEFBFBDEFBFBDEFBFBDEFBFBD03EFBFBDEFBFBDEFBFBDEFBFBD001F3E11EFBFBDEFBFBDEFBFBDEFBFBD470BEFBFBD02EFBFBD0D0DEFBFBDEFBFBDEFBFBD143EEFBFBD0214EFBFBD03EFBFBDEFBFBDEFBFBD0D3EEFBFBDEFBFBDEFBFBDEFBFBDEFBFBDEFBFBD1102EFBFBD03EFBFBDEFBFBD10EFBFBD0313EFBFBDEFBFBD0DEFBFBDEFBFBDC38B0B47EFBFBD10EFBFBDEFBFBDEFBFBD3E10EFBFBDEFBFBD14EFBFBDCF840F47D38CEFBFBDD783EFBFBDDB8C0DC8863EEFBFBDEFBFBDEFBFBDEFBFBD13EFBFBDEFBFBDDD9BE78BB13E0D0BEFBFBD271CEFBFBD0EEFBFBD0E1CEFBFBD0E41EFBFBD640958EFBFBDEFBFBD2E21EFBFBDEFBFBD183070C283EFBFBD69EFBFBD087A1BEFBFBD61EFBFBDEFBFBD1B44EFBFBD6C21EFBFBD5DEFBFBDEFBFBD1307081038EFBFBDEFBFBDEFBFBD6DEFBFBDEFBFBD6DEFBFBD2123EFBFBD210AEFBFBD42021314EFBFBDEFBFBD2654EFBFBD30EFBFBD0476024CEFBFBD073219EFBFBD215608EFBFBDEFBFBD4654064461EFBFBD74EFBFBD003B4E5F391812080021EFBFBD0405040001002C0F00160020001A000007EFBFBD01EFBFBDEFBFBDEFBFBDEFBFBDEFBFBDEFBFBDEFBFBDEFBFBDEFBFBD00EFBFBDEFBFBDEFBFBDEFBFBD09151F2011EFBFBD00090D151400EFBFBDEFBFBD152002EFBFBDEFBFBD0F170A01EFBFBD01EFBFBDEFBFBD01180AEFBFBDEFBFBDEFBFBDEFBFBD0115EFBFBDEFBFBD0DEFBFBDEFBFBDEFBFBD02EFBFBD0A09EFBFBDEFBFBD18EFBFBDEFBFBDEFBFBD0A171551EFBFBDEFBFBDEFBFBDEFBFBDEFBFBD17C896EFBFBDEFBFBD15EFBFBD20EFBFBD2018EFBFBDD18EEFBFBDEFBFBDEFBFBD17EFBFBDDA8EDD84EFBFBDC9AB0151C3880DEFBFBD17EFBFBD0AEFBFBD09EFBFBD1B33EFBFBDEFBFBDEFBFBD4A34EFBFBD22EFBFBDEFBFBDEFBFBD0D22F1A3A090010857EFBFBDEFBFBD516304EFBFBD79012C3DEFBFBD37EFBFBDC78000534878EFBFBDEFBFBD65050BEFBFBDEFBFBD2250EFBFBD38EFBFBDEFBFBD00225D04EFBFBD030840602275EFBFBDEFBFBD455000EFBFBD17EFBFBD04EFBFBD045052EFBFBD5E285312EFBFBD21EFBFBDEFBFBDEFBFBDEFBFBD43EFBFBDEFBFBDEFBFBD4A34EFBFBD53EFBFBD65EFBFBDEFBFBD224AEFBFBD00EFBFBD38EFBFBDEFBFBD1A3C00EFBFBD60EFBFBD1D5847EFBFBD0B040021EFBFBD0405040001002C0F0017001E001A000007EFBFBD01EFBFBDEFBFBDEFBFBDEFBFBDEFBFBD18EFBFBD09EFBFBDEFBFBDEFBFBD09100B02020BEFBFBDEFBFBDEFBFBD00EFBFBD00EFBFBDEFBFBD090FEFBFBDEFBFBDEFBFBDEFBFBD5AEFBFBDEFBFBDEFBFBD580AEFBFBDEFBFBD0A09EFBFBDEFBFBD10EFBFBDEFBFBD0B1114EFBFBDEFBFBDEFBFBD5AEFBFBDEFBFBD0A11EFBFBDEFBFBDEFBFBD01EFBFBD020A0AEFBFBD02010FEFBFBDEFBFBDEFBFBDEFBFBD0A0FEFBFBD0158EFBFBDC98311EFBFBD17EFBFBD1718EFBFBDD282EFBFBDC58C10EFBFBDEFBFBDEFBFBDEFBFBDEFBFBDE1BEAEEFBFBDEFBFBDEFBFBDEFBFBD092EEFBFBD2EEFBFBD09EFBFBD561CEFBFBD0E03EFBFBD53EFBFBD1C0330E684B708793A3140D0892B5CEFBFBDEFBFBDEFBFBDEFBFBD6FEFBFBDEFBFBD450AEFBFBD385821EFBFBDC8962B565C3414EFBFBD11EFBFBD60D99205DCA6EFBFBD5CEFBFBD00C3B6051021EFBFBD102D52EFBFBD542E7AEFBFBD69EFBFBD4C43340128EFBFBD5908EFBFBD162CEFBFBD1CEFBFBDEFBFBD29080B2E4612545EEFBFBDC494EFBFBD4A181AEFBFBD363D4AEFBFBDD1870B173E40EFBFBD403440200021EFBFBD0405040006002C11001400190021000007EFBFBDEFBFBD06EFBFBDEFBFBDEFBFBD061409EFBFBD0914EFBFBDEFBFBDEFBFBD6302020D10EFBFBD11EFBFBDEFBFBD061FEFBFBD020CEFBFBD0CEFBFBDEFBFBD0DEFBFBDEFBFBD0217EFBFBD00EFBFBD06EFBFBDEFBFBDEFBFBD00EFBFBDEFBFBDEFBFBDEFBFBDEFBFBDEFBFBD0C09EFBFBDEFBFBDEFBFBD0BEFBFBDEFBFBDEFBFBD10EFBFBDEFBFBDEFBFBD02EFBFBD0CEFBFBD0CEFBFBDEFBFBDEFBFBDEFBFBDEFBFBD0BEFBFBD63EFBFBDEFBFBD0DEFBFBDEFBFBD0611EFBFBDEFBFBD0600EFBFBD06021FEFBFBD11EFBFBDEFBFBDEFBFBDD9A4EFBFBDEFBFBDEFBFBDEFBFBD0019EFBFBDEFBFBDC99600EC969BDF8DEFBFBD4837EFBFBDEFBFBDEFBFBD2B2F313B31EFBFBDEFBFBDEFBFBD7619EFBFBD62EFBFBDEFBFBD0041380AEFBFBD40EFBFBD42EFBFBD3F42EFBFBDEFBFBD114232C580EFBFBD025C02784122EFBFBD212BEFBFBDEFBFBDEFBFBDEFBFBDEFBFBD12EFBFBD0DEFBFBD621E05050427EFBFBD1DEFBFBD312C21EFBFBDEFBFBD66ED848C790040EFBFBD630400EFBFBDEFBFBD76EFBFBD7E1EEFBFBDEFBFBDEFBFBDEFBFBDEFBFBD4653EFBFBDEFBFBD4A275429D39D4A1304EFBFBDEFBFBD2A432E693F6769EFBFBD5A481556EFBFBD06EFBFBD2EEFBFBD06EFBFBDEFBFBD400021EFBFBD0405040007002C15001200280028000007EFBFBDEFBFBD07EFBFBDEFBFBDEFBFBDEFBFBD140D09EFBFBDEFBFBDEFBFBDEFBFBDEFBFBD180F15EFBFBD1902020AEFBFBDEFBFBDEFBFBDEFBFBD000CEFBFBD0F0040EFBFBD020BEFBFBDEFBFBDEFBFBD000007EFBFBD072514EFBFBD020FEFBFBDEFBFBDEFBFBD000F02EFBFBD2D0DEFBFBD19EFBFBDEFBFBDEFBFBDEFBFBD17EFBFBD0C0911EFBFBD0AEFBFBDEFBFBDEFBFBD00EFBFBDEFBFBD13070AEFBFBD0DC78AC9A7EFBFBDEFBFBD2DEFBFBDEFBFBDD284D4A7EFBFBDEFBFBDEFBFBD0BEFBFBDEFBFBDEFBFBD07DDA8EFBFBD1025EFBFBDEFBFBDEFBFBDE7A893EFBFBD0B09EFBFBDEFBFBDEFBFBDEFBFBDEFBFBD0218EFBFBDEFBFBDEFBFBDEFBFBDEFBFBD1DEFBFBDEFBFBD291D03EFBFBDEFBFBD4E5528062214EFBFBD73250EEFBFBD72150B15EFBFBD6E1F084D54EFBFBD69D6B464EFBFBD36EFBFBD3AEFBFBD6BEFBFBD061B17671114EFBFBDEFBFBD4700167438D0901240023A1C72EFBFBDEFBFBD19EFBFBD03EFBFBD10394A2CEFBFBD02C68027346A66EFBFBD2664EFBFBDEFBFBD0D66CCB8EFBFBDEFBFBDEFBFBDEFBFBDEFBFBD592A1C0CEFBFBDEFBFBD44444AEFBFBD07EFBFBD381851EFBFBDC89D2D44EFBFBD08007115EFBFBD0E0403EFBFBD102821EFBFBD16EFBFBD2213EFBFBDEFBFBDEFBFBDEFBFBD1AEFBFBD54510412EFBFBD0661D19664235742EFBFBD02EFBFBDEFBFBD41EFBFBD082A28EFBFBDEFBFBDEFBFBDEFBFBD0A49320B3410EFBFBD4841EFBFBDEFBFBDEFBFBD501BEFBFBD38EFBFBD50EFBFBDEFBFBD1C094D2CEFBFBDD2A67162010F03EFBFBDEFBFBD1224EFBFBD441A5EEFBFBD0AEFBFBD326104EFBFBDEFBFBD030342EFBFBD22EFBFBD0D082FEFBFBDEFBFBD484828EFBFBDEFBFBD48EFBFBD2AEFBFBD7861EFBFBDED8A87EFBFBD011DEFBFBD5C58EFBFBD5856EFBFBD41224328EFBFBDEFBFBDEFBFBD16EFBFBDEFBFBDEFBFBD097562110C112C5CEFBFBD3ADFBAEFBFBD0729EFBFBD4C7828EFBFBDD4A9EFBFBDEFBFBD00EFBFBD07EFBFBD002F1C5043283D0CD29F534FEFBFBD17EFBFBD6E0572104A110A3AEFBFBD12006964EFBFBD013CEFBFBDEFBFBDEFBFBD7EEFBFBD31EFBFBD5AEFBFBDEFBFBD20012221EFBFBD494018EFBFBDEFBFBDEFBFBD3140EFBFBDEFBFBDEFBFBDEFBFBDEFBFBD226D2CEFBFBD073CEFBFBD35EFBFBD01EFBFBDEFBFBDEFBFBDEFBFBD042348EFBFBD02133B6662EFBFBD054B6D13080021EFBFBD0405040004002C19001200240028000007EFBFBDEFBFBD04EFBFBDEFBFBDEFBFBD00EFBFBDEFBFBDEFBFBDEFBFBDEFBFBDEFBFBDEFBFBD00EFBFBD001010EFBFBD192509EFBFBDEFBFBDEFBFBDEFBFBDEFBFBD11EFBFBD131902020CEFBFBDEFBFBDEFBFBDEFBFBD0020EFBFBD13EFBFBD020FEFBFBDEFBFBDEFBFBD0D02EFBFBD0A04EFBFBDEFBFBDEFBFBDEFBFBDEFBFBD0BEFBFBD04EFBFBDEFBFBD25EFBFBDEFBFBDEFBFBD15EFBFBD04EFBFBDEFBFBD0BEFBFBDEFBFBDEFBFBD09EFBFBD200AEFBFBD0CEFBFBDCB8DEFBFBD0BC9A0EFBFBDD38CEFBFBDEFBFBDEFBFBD02EFBFBDDB83EFBFBD2DEFBFBD0213EFBFBDEFBFBDEFBFBDEFBFBDC9B5EFBFBDEFBFBDC5B50DEFBFBD18130CEFBFBDEFBFBDEFBFBDEFBFBD1156296240EFBFBD1EEFBFBD12EFBFBD14EFBFBD7024EFBFBD4242451518EFBFBD0A424322EFBFBD0BEFBFBD162938EFBFBDEFBFBD460C0931520C6AEFBFBDEFBFBDEFBFBD4901142C26EFBFBD406540EFBFBD181606211CEFBFBD64EFBFBDEFBFBD0D046E6E28EFBFBD42EFBFBD2225120674380047EFBFBD3F132BEFBFBDEFBFBD18EFBFBD34040E071EEFBFBDEFBFBD24EFBFBD620853024B74486CEFBFBDEFBFBDEFBFBD08EFBFBD55EFBFBD187803EFBFBD09220D1D1C2C41EFBFBDEFBFBD420AEFBFBDEFBFBDEFBFBD16EFBFBDEFBFBD51EFBFBDEFBFBDEFBFBD0006EFBFBDEFBFBD1864612D0C160054EFBFBD45EFBFBDCA95EFBFBD2C4EEFBFBD094AEFBFBD03010D0B2A09EFBFBDEFBFBDEFBFBD24EFBFBD0811EFBFBDEFBFBD40214705EFBFBD45EFBFBD3015EFBFBD4AEFBFBD08EFBFBD05EFBFBD136544046AEFBFBDEFBFBD1326EFBFBDEFBFBD62EFBFBDEFBFBD30EFBFBDEFBFBD2F047108EFBFBDEFBFBDEFBFBD2020EFBFBD0765486422C48022EFBFBDEFBFBD0CEFBFBD2241EFBFBD0CEFBFBD3155613AEFBFBDEFBFBD1A2308EFBFBDEFBFBDEFBFBDEFBFBD01EFBFBDEFBFBDEFBFBD24EFBFBDEFBFBD117D11EFBFBDEFBFBDEFBFBD17EFBFBD28EFBFBD68EFBFBD0002EFBFBDEFBFBD3761EFBFBDEFBFBD44EFBFBDEFBFBDEFBFBD24EFBFBD007C0FEFBFBDEFBFBDEFBFBDEFBFBDEFBFBDEFBFBD3A05EFBFBDEFBFBDEFBFBD08EFBFBD19EFBFBDEFBFBD082760EFBFBDEFBFBD2039EFBFBD40EFBFBD104608EFBFBDEFBFBDEFBFBD54EFBFBD461041EFBFBDEFBFBDCF83EFBFBD0070EFBFBD3CEFBFBD000021EFBFBD0405040005002C19001300230026000007EFBFBDEFBFBD05EFBFBDEFBFBDEFBFBD0000EFBFBDEFBFBDEFBFBDEFBFBDEFBFBDEFBFBDEFBFBDEFBFBD00090F0F0900111F18EFBFBDEFBFBDEFBFBDEFBFBD2005021325EFBFBD0CEFBFBDEFBFBDEFBFBD0AEFBFBD050FEFBFBD0215EFBFBDEFBFBD00EFBFBDEFBFBD40EFBFBD0BEFBFBDEFBFBDEFBFBDEFBFBD13EFBFBD02EFBFBDEFBFBDEFBFBDEFBFBDEFBFBD2013EFBFBD02EFBFBDEFBFBD09EFBFBDEFBFBD05EFBFBDC68EEFBFBDEFBFBDEFBFBDEFBFBDEFBFBDCDA4C5AB10D48C0DD6A8EFBFBDD984091FDC840AEFBFBDEFBFBD0D0B02EFBFBD0BEFBFBDEFBFBD17EFBFBD0C15EFBFBDEFBFBD13EFBFBD17EFBFBDEFBFBD2236EFBFBDDBA41A282265EFBFBD400715EFBFBDEFBFBD115A3030EFBFBD062A23743451EFBFBD70D1BE4641240CEFBFBDEFBFBD44EFBFBD210CDC8AEFBFBD184972241419285930723164EFBFBD00071D15551867EFBFBDC48601EFBFBD384841EFBFBD434DEFBFBDEFBFBD1A3A3870504049EFBFBD41EFBFBD1A6519EFBFBD2147EFBFBD005EEFBFBD041968EFBFBDEFBFBD04182C080CEFBFBDEFBFBD6FEFBFBD232924D49109EFBFBDEFBFBD5EEFBFBD1D0868702D70EFBFBDEFBFBD324D27EFBFBD1C74EFBFBD5420EFBFBD19EFBFBD2AEFBFBD1262EFBFBDEFBFBD4B1C0C02EFBFBDDB90EFBFBD61EFBFBDEFBFBDEFBFBDEFBFBDEFBFBD1422EFBFBD04EFBFBD7FD998EFBFBDEFBFBDEFBFBD63EFBFBDEFBFBD021EEFBFBDEFBFBD703208EFBFBD260AEFBFBD366874495AD0801D0F16282861EFBFBD14EFBFBD1038495F1614EFBFBDEFBFBDEFBFBD524E70EFBFBD2E3DEFBFBDEFBFBD12022AEFBFBD2D2D3540427063385C4910D1BA541152086078EFBFBDEFBFBD43EFBFBD23EFBFBDEFBFBD5DEFBFBDEFBFBDEFBFBDEFBFBDEFBFBDEFBFBD6FEFBFBD3837EFBFBD26EFBFBDEFBFBD13EFBFBD09EFBFBD30EFBFBDEFBFBD18093138EFBFBDEFBFBDEFBFBDEFBFBDEFBFBD7D33201032EFBFBDEFBFBD16080021EFBFBD0405040001002C18001400230025000007EFBFBDEFBFBD01EFBFBDEFBFBDEFBFBDEFBFBD00EFBFBD0001EFBFBDEFBFBDEFBFBDEFBFBDEFBFBDEFBFBD090F0F09EFBFBDEFBFBDEFBFBDEFBFBD001FEFBFBD0B00140B0B14EFBFBDEFBFBDEFBFBD0BEFBFBD0A00EFBFBD02EFBFBDEFBFBDEFBFBD000AEFBFBD09EFBFBDEFBFBDEFBFBDEFBFBD10EFBFBD1311EFBFBDEFBFBDEFBFBDEFBFBDEFBFBDEFBFBD1102EFBFBDEFBFBDEFBFBDEFBFBD13EFBFBD010AEFBFBD0113C48D1FC7850AEFBFBDCD83090BD08519D4832D0AD8830A19EFBFBDEFBFBD19D78E0A14EFBFBDEFBFBDEFBFBDEFBFBD11EFBFBD16EFBFBD10DF8413EFBFBD2E434DEFBFBD14EFBFBD10EFBFBD1C69EFBFBDEFBFBD61EFBFBD0B41EFBFBD2EEFBFBD12EFBFBD44C2802631EFBFBD211BEFBFBD04EFBFBDC58B1745684CEFBFBD28DF80013BEFBFBD5818070DC58913353E7EEFBFBDEFBFBDE28583111AEFBFBD0D1C1040EFBFBD081DEFBFBD09EFBFBD2944EFBFBDEFBFBD2B5CEFBFBDEFBFBD2171501309324448EFBFBD3912EFBFBD3F12356AEFBFBD08EFBFBD45400A752E76EFBFBDEFBFBD31EFBFBD45534118763E12EFBFBD02EFBFBD0875031DEFBFBD38D4A8EFBFBD584B2BEFBFBD3EEFBFBDEFBFBD40EFBFBD430D182C020E0AEFBFBDEFBFBDEFBFBD09EFBFBD01EFBFBDEFBFBD3CEFBFBD402F2165EFBFBD48EFBFBD70EFBFBD52D089242BEFBFBD71EFBFBDEFBFBD5112C68D05EFBFBDEFBFBDEFBFBDEFBFBD18EFBFBD4B180A3171EFBFBD4846EFBFBD0C105A18EFBFBDEFBFBD03EFBFBD23181AEFBFBD5E6AEFBFBD78EFBFBDEFBFBD010EEFBFBDEFBFBD76EFBFBDC4B5250931EFBFBDEFBFBD16EFBFBD616D3312EFBFBD193910EFBFBD62EFBFBDEFBFBDEFBFBDEFBFBD6238EFBFBDEFBFBDEFBFBD76230779EFBFBD0D3A61EFBFBDEFBFBDEFBFBD24CCB453EFBFBD1EEFBFBDC38BEFBFBDEFBFBD0B0920EFBFBD24EFBFBDD4BEEFBFBDEFBFBD07020021EFBFBD0405040003002C130015001C001B000007EFBFBD03EFBFBDEFBFBDEFBFBDEFBFBDEFBFBD00EFBFBD00EFBFBDEFBFBDEFBFBDEFBFBDEFBFBD03EFBFBDEFBFBDEFBFBDEFBFBD001F0A11EFBFBDEFBFBDEFBFBDEFBFBD470BEFBFBD02EFBFBD0D0DEFBFBDEFBFBDEFBFBD140AEFBFBD0214EFBFBD03EFBFBDEFBFBDEFBFBD0D0AEFBFBDEFBFBDEFBFBDEFBFBDEFBFBDEFBFBD1102EFBFBDEFBFBDEFBFBD10EFBFBD0317EFBFBDEFBFBD0DEFBFBDEFBFBDC28B0B47EFBFBD10EFBFBDEFBFBDEFBFBD0A10EFBFBDEFBFBD47EFBFBDCE840F47D28CEFBFBDD683EFBFBDDA8C0DC7860AD9BFEFBFBDEFBFBD17EFBFBDEFBFBDDC9BE68BB10A0D0BEFBFBD271CEFBFBD0EEFBFBD0E1CEFBFBD0E41D2B2042C40EFBFBD4AEFBFBDEFBFBD4160EFBFBD5CEFBFBDEFBFBD41EFBFBDEFBFBD6603EFBFBD0DEFBFBD30EFBFBDEFBFBD0D225BEFBFBD1011EFBFBDEFBFBDEFBFBD2E7AEFBFBD04041C404441EFBFBD41EFBFBDEFBFBD6DEFBFBD2123EFBFBDEFBFBD23EFBFBD2436C2B32843EFBFBD5FEFBFBD3630EFBFBD30EFBFBDEFBFBD0930EFBFBD1E4874EFBFBD68EFBFBDEFBFBD17EFBFBD0C4968440516CEA7500D391812080021EFBFBD0405040001002C0F00160020001A000007EFBFBDEFBFBD01EFBFBDEFBFBDEFBFBDEFBFBDEFBFBDEFBFBDEFBFBDEFBFBDEFBFBD00EFBFBDEFBFBDEFBFBDEFBFBD09151F2011EFBFBD00090D151400EFBFBDEFBFBD152002EFBFBDEFBFBD0F170A01EFBFBD01EFBFBDEFBFBD01180AEFBFBDEFBFBDEFBFBDEFBFBD0115EFBFBDEFBFBD0DEFBFBDEFBFBDEFBFBD02EFBFBD0A09EFBFBDEFBFBD18EFBFBDEFBFBDEFBFBD0A171551EFBFBDEFBFBDEFBFBDEFBFBDEFBFBD17C896EFBFBDEFBFBD15EFBFBD20EFBFBD2018EFBFBDD18EEFBFBDEFBFBDEFBFBD17EFBFBDDA8EDD84EFBFBDC9AB0151C3880DEFBFBD17EFBFBD0AEFBFBD09EFBFBD1B33EFBFBDEFBFBDEFBFBD4A3AEFBFBD2AEFBFBDEFBFBDEFBFBD0D22EFBFBDEFBFBDEFBFBDEFBFBD010857EFBFBD51C383EFBFBD79012C3DEFBFBD3728C780000E48EFBFBDEFBFBD4266050BEFBFBDEFBFBD22502434EFBFBDEFBFBD00226404EFBFBD0208406022750FEFBFBD455000EFBFBD17EFBFBD04EFBFBD045052EFBFBD5E2805EFBFBD183D3827EFBFBDEFBFBDEFBFBD07354EEFBFBD7276EFBFBDEFBFBD0C45EFBFBDEFBFBDEFBFBD42EFBFBDEFBFBD6AEFBFBD06EFBFBD5E110DEFBFBDEFBFBD50EFBFBD0759EFBFBD39EFBFBDEFBFBDEFBFBDC2A1060F4028EFBFBD4A54EFBFBDD6ADEFBFBD01000021EFBFBD0405040001002C0F0017001E001A000007EFBFBD01EFBFBDEFBFBDEFBFBDEFBFBDEFBFBD18EFBFBD09EFBFBDEFBFBDEFBFBD09100B02020BEFBFBDEFBFBDEFBFBD00EFBFBD00EFBFBDEFBFBD090FEFBFBDEFBFBDEFBFBDEFBFBD5AEFBFBDEFBFBDEFBFBD580AEFBFBDEFBFBD0A09EFBFBDEFBFBD10EFBFBDEFBFBD0B1114EFBFBDEFBFBDEFBFBD18EFBFBDEFBFBD0A11EFBFBDEFBFBDEFBFBD01EFBFBD020A0AEFBFBD02010FEFBFBDEFBFBDEFBFBDEFBFBD0A0FEFBFBD0158EFBFBDC98311EFBFBD17EFBFBD1718EFBFBDD282EFBFBDC58C10EFBFBDEFBFBDEFBFBDEFBFBDEFBFBDE1BEAEEFBFBDEFBFBDEFBFBDEFBFBD092EEFBFBD2EEFBFBD09EFBFBD561CEFBFBD0E03EFBFBD0EEFBFBD1C0376EFBFBD5AEFBFBD05EFBFBD7462EFBFBDEFBFBD1357EFBFBD705941EFBFBDEFBFBD2057EFBFBD1414EFBFBDEFBFBD4200EFBFBD2D57EFBFBDEFBFBD702808222354EFBFBD44250BEFBFBD2DEFBFBD0273EFBFBD4CEFBFBD0C204206215AEFBFBDEFBFBDEFBFBD340433D382EFBFBDEFBFBD6A0250EFBFBD08EFBFBD36005AEFBFBDEFBFBD7234EFBFBDEFBFBD1507EFBFBD3CEFBFBD19EFBFBD05174E43173C49155852EFBFBDEFBFBDEFBFBD533F3D1DEFBFBDEFBFBDC3820B1F20402064EFBFBD64200021EFBFBD0405040006002C11001400190021000007EFBFBDEFBFBD06EFBFBDEFBFBDEFBFBD061409EFBFBD0914EFBFBDEFBFBDEFBFBD1702020D10EFBFBD11EFBFBDEFBFBD061FEFBFBD020CEFBFBD0CEFBFBDEFBFBD0DEFBFBDEFBFBD0217EFBFBD00EFBFBD06EFBFBDEFBFBDEFBFBD00EFBFBDEFBFBDEFBFBDEFBFBDEFBFBDEFBFBD0C09EFBFBDEFBFBDEFBFBD0BEFBFBDEFBFBDEFBFBD10EFBFBDEFBFBDEFBFBD02EFBFBD0CEFBFBD0CEFBFBDEFBFBDEFBFBDEFBFBDEFBFBD0BEFBFBD17EFBFBDEFBFBD0DEFBFBDEFBFBD0611EFBFBDEFBFBD0600EFBFBD06021FEFBFBD11EFBFBDEFBFBDEFBFBDD9A4EFBFBDEFBFBDEFBFBDEFBFBD0019EFBFBDEFBFBDC99600EC969BDF8DEFBFBD4837EFBFBDEFBFBDEFBFBD2B2F313B31EFBFBDEFBFBDEFBFBD761948EFBFBDEFBFBDEFBFBD00413850287C21EFBFBD1FEFBFBD56EFBFBD0821EFBFBD62EFBFBD43EFBFBD2B01EFBFBD2011E19095EFBFBD4148502409EFBFBD6653EFBFBDEFBFBD003E7E7AC7AAEFBFBD350110EFBFBD65EFBFBD7642EFBFBD124601EFBFBD7D02EFBFBDD292EFBFBD79EFBFBD745EEFBFBDEFBFBD6AEFBFBD020E1A4D31EFBFBD2AEFBFBD50EFBFBDEFBFBD0EEFBFBDEFBFBD20EFBFBD4E5B197249EFBFBD3A48EFBFBD560305EFBFBD7AEFBFBD2835EFBFBD026E5CEFBFBDEFBFBDEFBFBD1408003B, '9212', NULL);

-- ----------------------------
-- Table structure for admin_unit
-- ----------------------------
DROP TABLE IF EXISTS `admin_unit`;
CREATE TABLE `admin_unit`  (
  `id` bigint(0) NOT NULL AUTO_INCREMENT,
  `insert_time` datetime(0) DEFAULT NULL,
  `update_time` datetime(0) DEFAULT NULL,
  `name` varchar(200) CHARACTER SET utf8mb4 COLLATE utf8mb4_0900_ai_ci DEFAULT NULL,
  `size` int(0) DEFAULT NULL,
  `type` int(0) DEFAULT NULL,
  `vs_id` bigint(0) DEFAULT NULL,
  `vs_size` int(0) DEFAULT NULL,
  PRIMARY KEY (`id`) USING BTREE,
  UNIQUE INDEX `UKjl49gkk5dcosrqausl5kxu885`(`name`) USING BTREE,
  UNIQUE INDEX `UKcr5p1wh0fhgvn5mn64vspayc9`(`name`) USING BTREE
) ENGINE = InnoDB AUTO_INCREMENT = 11 CHARACTER SET = utf8mb4 COLLATE = utf8mb4_0900_ai_ci ROW_FORMAT = Dynamic;

-- ----------------------------
-- Records of admin_unit
-- ----------------------------
INSERT INTO `admin_unit` VALUES (2, '2020-02-18 07:03:57', NULL, '元', NULL, 1, NULL, NULL);
INSERT INTO `admin_unit` VALUES (4, '2020-02-18 07:06:01', NULL, '角', 10, 1, 2, 1);
INSERT INTO `admin_unit` VALUES (6, '2020-02-18 07:06:52', NULL, '千克', NULL, 2, NULL, NULL);
INSERT INTO `admin_unit` VALUES (8, '2020-02-18 07:07:01', NULL, '个', NULL, 0, NULL, NULL);
INSERT INTO `admin_unit` VALUES (10, '2020-02-18 07:07:34', NULL, '克', 1000, 2, 6, 1);

-- ----------------------------
-- Table structure for jxc_cust
-- ----------------------------
DROP TABLE IF EXISTS `jxc_cust`;
CREATE TABLE `jxc_cust`  (
  `id` bigint(0) NOT NULL AUTO_INCREMENT,
  `insert_time` datetime(0) DEFAULT NULL,
  `update_time` datetime(0) DEFAULT NULL,
  `address` varchar(200) CHARACTER SET utf8mb4 COLLATE utf8mb4_0900_ai_ci DEFAULT NULL,
  `name` varchar(200) CHARACTER SET utf8mb4 COLLATE utf8mb4_0900_ai_ci DEFAULT NULL,
  `phone_number` varchar(50) CHARACTER SET utf8mb4 COLLATE utf8mb4_0900_ai_ci DEFAULT NULL,
  PRIMARY KEY (`id`) USING BTREE,
  UNIQUE INDEX `UKlef24ycdpnor90r4kwtw7genp`(`name`) USING BTREE
) ENGINE = InnoDB CHARACTER SET = utf8mb4 COLLATE = utf8mb4_0900_ai_ci ROW_FORMAT = Dynamic;

-- ----------------------------
-- Records of jxc_cust
-- ----------------------------
INSERT INTO `jxc_cust` VALUES (1, '2020-02-20 17:00:08', NULL, '北京西路333号', '王二', '130-1234-1234');

-- ----------------------------
-- Table structure for jxc_goods
-- ----------------------------
DROP TABLE IF EXISTS `jxc_goods`;
CREATE TABLE `jxc_goods`  (
  `id` bigint(0) NOT NULL AUTO_INCREMENT,
  `insert_time` datetime(0) DEFAULT NULL,
  `name` varchar(200) CHARACTER SET utf8mb4 COLLATE utf8mb4_0900_ai_ci DEFAULT NULL,
  `update_time` datetime(0) DEFAULT NULL,
  `price` bigint(0) DEFAULT NULL,
  `unit_id` bigint(0) DEFAULT NULL,
  PRIMARY KEY (`id`) USING BTREE,
  UNIQUE INDEX `UKg1ebxpqv3bop8orxv9lu208eo`(`name`) USING BTREE
) ENGINE = InnoDB AUTO_INCREMENT = 11 CHARACTER SET = utf8mb4 COLLATE = utf8mb4_0900_ai_ci ROW_FORMAT = Dynamic;

-- ----------------------------
-- Records of jxc_goods
-- ----------------------------
INSERT INTO `jxc_goods` VALUES (2, '2020-02-12 11:52:23', '黄山黑松香烟', '2020-02-18 13:35:45', 7, 2);
INSERT INTO `jxc_goods` VALUES (4, '2020-02-12 11:52:46', '黄山红松香烟', '2020-02-18 13:42:05', 75, 4);
INSERT INTO `jxc_goods` VALUES (6, '2020-02-12 11:52:58', '黄山云烟香烟', '2020-02-18 13:42:12', 22, 2);
INSERT INTO `jxc_goods` VALUES (8, '2020-02-12 11:56:23', '黄山金皖香烟', '2020-02-18 13:42:20', 16, 2);
INSERT INTO `jxc_goods` VALUES (10, '2020-02-14 03:23:53', '52°飞天茅台', '2020-02-18 13:42:28', 1080, 2);

-- ----------------------------
-- Table structure for jxc_goods_cust_price
-- ----------------------------
DROP TABLE IF EXISTS `jxc_goods_cust_price`;
CREATE TABLE `jxc_goods_cust_price`  (
  `id` bigint(0) NOT NULL AUTO_INCREMENT,
  `insert_time` datetime(0) DEFAULT NULL,
  `update_time` datetime(0) DEFAULT NULL,
  `cust_id` bigint(0) DEFAULT NULL,
  `discount_percent` int(0) NOT NULL,
  `discount_price` int(0) DEFAULT NULL,
  `goods_id` bigint(0) DEFAULT NULL,
  `sale_price` int(0) DEFAULT NULL,
  `unit_id` bigint(0) DEFAULT NULL,
  PRIMARY KEY (`id`) USING BTREE,
  UNIQUE INDEX `UKf28o0djmgtrwbdob1h5bdt9wd`(`goods_id`, `cust_id`) USING BTREE
) ENGINE = InnoDB CHARACTER SET = utf8mb4 COLLATE = utf8mb4_0900_ai_ci ROW_FORMAT = Dynamic;

-- ----------------------------
-- Table structure for jxc_goods_lable
-- ----------------------------
DROP TABLE IF EXISTS `jxc_goods_lable`;
CREATE TABLE `jxc_goods_lable`  (
  `id` bigint(0) NOT NULL AUTO_INCREMENT,
  `goods_id` bigint(0) DEFAULT NULL,
  `insert_time` datetime(0) DEFAULT NULL,
  `lable_id` bigint(0) DEFAULT NULL,
  `update_time` datetime(0) DEFAULT NULL,
  PRIMARY KEY (`id`) USING BTREE,
  UNIQUE INDEX `UKoe2lgu2pg4n7y3umasnglem06`(`goods_id`, `lable_id`) USING BTREE
) ENGINE = InnoDB AUTO_INCREMENT = 17 CHARACTER SET = utf8mb4 COLLATE = utf8mb4_0900_ai_ci ROW_FORMAT = Dynamic;

-- ----------------------------
-- Records of jxc_goods_lable
-- ----------------------------
INSERT INTO `jxc_goods_lable` VALUES (2, 2, '2020-02-14 10:00:29', 2, '2020-02-14 10:00:39');
INSERT INTO `jxc_goods_lable` VALUES (4, 2, '2020-02-14 03:19:54', 6, NULL);
INSERT INTO `jxc_goods_lable` VALUES (6, 4, '2020-02-14 03:22:10', 6, NULL);
INSERT INTO `jxc_goods_lable` VALUES (8, 10, '2020-02-14 03:24:29', 4, NULL);
INSERT INTO `jxc_goods_lable` VALUES (12, 2, '2020-02-18 10:01:51', 12, NULL);
INSERT INTO `jxc_goods_lable` VALUES (14, 6, '2020-02-18 13:47:22', 2, NULL);
INSERT INTO `jxc_goods_lable` VALUES (16, 8, '2020-02-18 13:47:42', 2, NULL);

-- ----------------------------
-- Table structure for jxc_goods_picture
-- ----------------------------
DROP TABLE IF EXISTS `jxc_goods_picture`;
CREATE TABLE `jxc_goods_picture`  (
  `id` bigint(0) NOT NULL AUTO_INCREMENT,
  `insert_time` datetime(0) DEFAULT NULL,
  `update_time` datetime(0) DEFAULT NULL,
  `goods_id` bigint(0) DEFAULT NULL,
  `picture_id` bigint(0) DEFAULT NULL,
  PRIMARY KEY (`id`) USING BTREE,
  UNIQUE INDEX `UK82770immlj5arhgior92henpv`(`goods_id`, `picture_id`) USING BTREE
) ENGINE = InnoDB CHARACTER SET = utf8mb4 COLLATE = utf8mb4_0900_ai_ci ROW_FORMAT = Dynamic;

-- ----------------------------
-- Table structure for jxc_purchase
-- ----------------------------
DROP TABLE IF EXISTS `jxc_purchase`;
CREATE TABLE `jxc_purchase`  (
  `id` bigint(0) NOT NULL AUTO_INCREMENT,
  `insert_time` datetime(0) DEFAULT NULL,
  `update_time` datetime(0) DEFAULT NULL,
  `goods_id` bigint(0) DEFAULT NULL,
  `price` bigint(0) DEFAULT NULL,
  `price_unit_id` bigint(0) DEFAULT NULL,
  `size` bigint(0) DEFAULT NULL,
  `size_unit_id` bigint(0) DEFAULT NULL,
  `supplier_id` bigint(0) DEFAULT NULL,
  PRIMARY KEY (`id`) USING BTREE
) ENGINE = InnoDB CHARACTER SET = utf8mb4 COLLATE = utf8mb4_0900_ai_ci ROW_FORMAT = Dynamic;

-- ----------------------------
-- Table structure for jxc_sales
-- ----------------------------
DROP TABLE IF EXISTS `jxc_sales`;
CREATE TABLE `jxc_sales`  (
  `id` bigint(0) NOT NULL AUTO_INCREMENT,
  `insert_time` datetime(0) DEFAULT NULL,
  `update_time` datetime(0) DEFAULT NULL,
  `cust_id` bigint(0) DEFAULT NULL,
  `goods_id` bigint(0) DEFAULT NULL,
  `price` bigint(0) DEFAULT NULL,
  `price_unit_id` bigint(0) DEFAULT NULL,
  `size` bigint(0) DEFAULT NULL,
  `size_unit_id` bigint(0) DEFAULT NULL,
  PRIMARY KEY (`id`) USING BTREE
) ENGINE = InnoDB CHARACTER SET = utf8mb4 COLLATE = utf8mb4_0900_ai_ci ROW_FORMAT = Dynamic;

-- ----------------------------
-- Records of jxc_sales
-- ----------------------------
INSERT INTO `jxc_sales` VALUES (1, '2020-02-20 21:22:02', NULL, 1, 2, 12, 2, 1, 8);

-- ----------------------------
-- Table structure for jxc_stock
-- ----------------------------
DROP TABLE IF EXISTS `jxc_stock`;
CREATE TABLE `jxc_stock`  (
  `id` bigint(0) NOT NULL AUTO_INCREMENT,
  `current_size` bigint(0) DEFAULT NULL,
  `goods_id` bigint(0) DEFAULT NULL,
  `total_sales` bigint(0) DEFAULT NULL,
  `total_size` bigint(0) DEFAULT NULL,
  `update_time` datetime(0) DEFAULT NULL,
  `insert_time` datetime(0) DEFAULT NULL,
  `unit_id` bigint(0) DEFAULT NULL,
  PRIMARY KEY (`id`) USING BTREE,
  UNIQUE INDEX `UKo263ai0y8hskrpmdwcmy4r506`(`goods_id`) USING BTREE
) ENGINE = InnoDB AUTO_INCREMENT = 3 CHARACTER SET = utf8mb4 COLLATE = utf8mb4_0900_ai_ci ROW_FORMAT = Dynamic;

-- ----------------------------
-- Records of jxc_stock
-- ----------------------------
INSERT INTO `jxc_stock` VALUES (2, 95, 2, 5, 100, '2020-02-20 17:01:32', '2020-02-20 17:02:09', 8);
INSERT INTO `jxc_stock` VALUES (4, 21, 6, 56, 23, '2020-02-20 17:01:54', '2020-02-20 17:01:18', 6);

-- ----------------------------
-- Table structure for jxc_supplier
-- ----------------------------
DROP TABLE IF EXISTS `jxc_supplier`;
CREATE TABLE `jxc_supplier`  (
  `id` bigint(0) NOT NULL AUTO_INCREMENT,
  `insert_time` datetime(0) DEFAULT NULL,
  `update_time` datetime(0) DEFAULT NULL,
  `address` varchar(200) CHARACTER SET utf8mb4 COLLATE utf8mb4_0900_ai_ci DEFAULT NULL,
  `name` varchar(200) CHARACTER SET utf8mb4 COLLATE utf8mb4_0900_ai_ci DEFAULT NULL,
  `phone_number` varchar(50) CHARACTER SET utf8mb4 COLLATE utf8mb4_0900_ai_ci DEFAULT NULL,
  PRIMARY KEY (`id`) USING BTREE,
  UNIQUE INDEX `UKryj58920c55moc35tn1sms4kd`(`name`) USING BTREE
) ENGINE = InnoDB CHARACTER SET = utf8mb4 COLLATE = utf8mb4_0900_ai_ci ROW_FORMAT = Dynamic;

-- ----------------------------
-- Records of jxc_supplier
-- ----------------------------
INSERT INTO `jxc_supplier` VALUES (1, '2020-02-20 18:03:03', NULL, '南京西路123号', '螺丝店', '0553-8317458');

-- ----------------------------
-- Table structure for jxc_supplier_lable
-- ----------------------------
DROP TABLE IF EXISTS `jxc_supplier_lable`;
CREATE TABLE `jxc_supplier_lable`  (
  `id` bigint(0) NOT NULL AUTO_INCREMENT,
  `insert_time` datetime(0) DEFAULT NULL,
  `update_time` datetime(0) DEFAULT NULL,
  `lable_id` bigint(0) DEFAULT NULL,
  `supplier_id` bigint(0) DEFAULT NULL,
  PRIMARY KEY (`id`) USING BTREE,
  UNIQUE INDEX `UK8j0fkbce71bbd6g3r18l8ya82`(`supplier_id`, `lable_id`) USING BTREE
) ENGINE = InnoDB CHARACTER SET = utf8mb4 COLLATE = utf8mb4_0900_ai_ci ROW_FORMAT = Dynamic;

-- ----------------------------
-- Table structure for jxc_supplier_picture
-- ----------------------------
DROP TABLE IF EXISTS `jxc_supplier_picture`;
CREATE TABLE `jxc_supplier_picture`  (
  `id` bigint(0) NOT NULL AUTO_INCREMENT,
  `insert_time` datetime(0) DEFAULT NULL,
  `update_time` datetime(0) DEFAULT NULL,
  `picture_id` bigint(0) DEFAULT NULL,
  `supplier_id` bigint(0) DEFAULT NULL,
  PRIMARY KEY (`id`) USING BTREE,
  UNIQUE INDEX `UKioxs4a7oi8f9i6np7q2u9x4ea`(`supplier_id`, `picture_id`) USING BTREE
) ENGINE = InnoDB CHARACTER SET = utf8mb4 COLLATE = utf8mb4_0900_ai_ci ROW_FORMAT = Dynamic;

-- ----------------------------
-- Table structure for sys_auth
-- ----------------------------
DROP TABLE IF EXISTS `sys_auth`;
CREATE TABLE `sys_auth`  (
  `id` bigint(0) NOT NULL AUTO_INCREMENT,
  `insert_time` datetime(0) DEFAULT NULL,
  `sys_data_id` bigint(0) DEFAULT NULL,
  `sys_role_data_id` bigint(0) DEFAULT NULL,
  `sys_role_route_id` bigint(0) DEFAULT NULL,
  `sys_route_id` bigint(0) DEFAULT NULL,
  `sys_user_id` bigint(0) DEFAULT NULL,
  `update_time` datetime(0) DEFAULT NULL,
  PRIMARY KEY (`id`) USING BTREE,
  UNIQUE INDEX `UKpcsalivaeh98xnfwiu7j3jaec`(`sys_user_id`, `sys_role_data_id`) USING BTREE,
  UNIQUE INDEX `UK54mxa1uw9ipksa20h9r2jgs65`(`sys_user_id`, `sys_role_route_id`) USING BTREE,
  UNIQUE INDEX `UKik2n8x4bwk0ow357wwd7t09s8`(`sys_route_id`, `sys_role_route_id`) USING BTREE,
  UNIQUE INDEX `UKn4sekvu2stjhouk3dcjnijdjs`(`sys_data_id`, `sys_role_route_id`) USING BTREE
) ENGINE = InnoDB AUTO_INCREMENT = 237 CHARACTER SET = utf8mb4 COLLATE = utf8mb4_0900_ai_ci ROW_FORMAT = Dynamic;

-- ----------------------------
-- Records of sys_auth
-- ----------------------------
INSERT INTO `sys_auth` VALUES (1, '2019-07-20 11:39:36', NULL, 1, NULL, NULL, 1, NULL);
INSERT INTO `sys_auth` VALUES (2, '2019-07-20 11:39:36', NULL, NULL, 1, NULL, 1, NULL);
INSERT INTO `sys_auth` VALUES (3, '2019-07-20 11:39:36', 1, 1, NULL, NULL, NULL, NULL);
INSERT INTO `sys_auth` VALUES (4, '2019-07-20 11:39:36', NULL, NULL, 1, 1, NULL, NULL);
INSERT INTO `sys_auth` VALUES (5, '2019-07-20 11:39:36', NULL, NULL, 1, 2, NULL, NULL);
INSERT INTO `sys_auth` VALUES (6, '2019-07-20 11:39:36', NULL, NULL, 1, 3, NULL, NULL);
INSERT INTO `sys_auth` VALUES (7, '2019-07-20 11:39:36', NULL, NULL, 1, 4, NULL, NULL);
INSERT INTO `sys_auth` VALUES (8, '2019-07-20 11:39:36', NULL, NULL, 1, 5, NULL, NULL);
INSERT INTO `sys_auth` VALUES (9, '2019-07-20 11:39:36', NULL, NULL, 1, 21, NULL, NULL);
INSERT INTO `sys_auth` VALUES (10, '2019-07-20 11:39:36', NULL, NULL, 1, 22, NULL, NULL);
INSERT INTO `sys_auth` VALUES (11, '2019-07-20 11:39:36', NULL, NULL, 1, 23, NULL, NULL);
INSERT INTO `sys_auth` VALUES (12, '2019-07-20 11:39:36', NULL, NULL, 1, 24, NULL, NULL);
INSERT INTO `sys_auth` VALUES (13, '2019-07-20 11:39:36', NULL, NULL, 1, 31, NULL, NULL);
INSERT INTO `sys_auth` VALUES (14, '2019-07-20 11:39:36', NULL, NULL, 1, 32, NULL, NULL);
INSERT INTO `sys_auth` VALUES (15, '2019-07-20 11:39:36', NULL, NULL, 1, 41, NULL, NULL);
INSERT INTO `sys_auth` VALUES (16, '2019-07-20 11:39:36', NULL, NULL, 1, 42, NULL, NULL);
INSERT INTO `sys_auth` VALUES (17, '2019-07-20 11:39:36', NULL, NULL, 1, 421, NULL, NULL);
INSERT INTO `sys_auth` VALUES (18, '2019-07-20 11:39:36', NULL, NULL, 1, 422, NULL, NULL);
INSERT INTO `sys_auth` VALUES (19, '2019-07-20 11:39:36', NULL, NULL, 1, 43, NULL, NULL);
INSERT INTO `sys_auth` VALUES (20, '2019-07-20 11:39:36', NULL, NULL, 1, 44, NULL, NULL);
INSERT INTO `sys_auth` VALUES (21, '2019-07-20 11:39:36', NULL, NULL, 1, 51, NULL, NULL);
INSERT INTO `sys_auth` VALUES (22, '2019-07-20 11:39:36', NULL, NULL, 1, 52, NULL, NULL);
INSERT INTO `sys_auth` VALUES (23, '2019-07-20 11:39:36', NULL, NULL, 1, 53, NULL, NULL);
INSERT INTO `sys_auth` VALUES (24, '2019-07-20 11:39:36', NULL, NULL, 1, 54, NULL, NULL);
INSERT INTO `sys_auth` VALUES (25, '2019-07-20 11:39:36', NULL, NULL, 1, 511, NULL, NULL);
INSERT INTO `sys_auth` VALUES (26, '2019-07-20 11:39:36', NULL, NULL, 1, 512, NULL, NULL);
INSERT INTO `sys_auth` VALUES (27, '2019-07-20 11:39:36', NULL, NULL, 1, 513, NULL, NULL);
INSERT INTO `sys_auth` VALUES (28, '2019-07-20 11:39:36', NULL, NULL, 1, 521, NULL, NULL);
INSERT INTO `sys_auth` VALUES (29, '2019-07-20 11:39:36', NULL, NULL, 1, 522, NULL, NULL);
INSERT INTO `sys_auth` VALUES (30, '2019-07-20 11:39:36', NULL, NULL, 1, 523, NULL, NULL);
INSERT INTO `sys_auth` VALUES (31, '2019-07-20 11:39:36', NULL, NULL, 1, 541, NULL, NULL);
INSERT INTO `sys_auth` VALUES (32, '2019-07-20 11:39:36', NULL, NULL, 1, 542, NULL, NULL);
INSERT INTO `sys_auth` VALUES (33, '2019-07-30 20:19:52', NULL, 1, NULL, NULL, 2, NULL);
INSERT INTO `sys_auth` VALUES (34, '2019-08-01 21:02:05', NULL, NULL, 1, NULL, 2, NULL);
INSERT INTO `sys_auth` VALUES (35, '2019-07-20 11:39:36', NULL, NULL, 1, 33, NULL, NULL);
INSERT INTO `sys_auth` VALUES (52, '2020-02-11 04:56:44', NULL, NULL, 10, 1, NULL, NULL);
INSERT INTO `sys_auth` VALUES (90, '2020-02-11 05:46:13', NULL, NULL, 10, 2, NULL, NULL);
INSERT INTO `sys_auth` VALUES (92, '2020-02-11 05:46:13', NULL, NULL, 10, 21, NULL, NULL);
INSERT INTO `sys_auth` VALUES (94, '2020-02-11 05:46:13', NULL, NULL, 10, 22, NULL, NULL);
INSERT INTO `sys_auth` VALUES (96, '2020-02-11 05:46:13', NULL, NULL, 10, 23, NULL, NULL);
INSERT INTO `sys_auth` VALUES (98, '2020-02-11 05:46:13', NULL, NULL, 10, 24, NULL, NULL);
INSERT INTO `sys_auth` VALUES (100, '2020-02-11 05:46:13', NULL, NULL, 10, 3, NULL, NULL);
INSERT INTO `sys_auth` VALUES (102, '2020-02-11 05:46:13', NULL, NULL, 10, 31, NULL, NULL);
INSERT INTO `sys_auth` VALUES (104, '2020-02-11 05:46:13', NULL, NULL, 10, 32, NULL, NULL);
INSERT INTO `sys_auth` VALUES (106, '2020-02-11 05:46:13', NULL, NULL, 10, 33, NULL, NULL);
INSERT INTO `sys_auth` VALUES (108, '2020-02-11 05:46:13', NULL, NULL, 10, 4, NULL, NULL);
INSERT INTO `sys_auth` VALUES (110, '2020-02-11 05:46:13', NULL, NULL, 10, 41, NULL, NULL);
INSERT INTO `sys_auth` VALUES (112, '2020-02-11 05:46:13', NULL, NULL, 10, 42, NULL, NULL);
INSERT INTO `sys_auth` VALUES (114, '2020-02-11 05:46:13', NULL, NULL, 10, 421, NULL, NULL);
INSERT INTO `sys_auth` VALUES (116, '2020-02-11 05:46:13', NULL, NULL, 10, 422, NULL, NULL);
INSERT INTO `sys_auth` VALUES (118, '2020-02-11 05:46:13', NULL, NULL, 10, 43, NULL, NULL);
INSERT INTO `sys_auth` VALUES (120, '2020-02-11 05:46:13', NULL, NULL, 10, 44, NULL, NULL);
INSERT INTO `sys_auth` VALUES (122, '2020-02-11 05:46:13', NULL, NULL, 10, 5, NULL, NULL);
INSERT INTO `sys_auth` VALUES (124, '2020-02-11 05:46:13', NULL, NULL, 10, 51, NULL, NULL);
INSERT INTO `sys_auth` VALUES (126, '2020-02-11 05:46:13', NULL, NULL, 10, 511, NULL, NULL);
INSERT INTO `sys_auth` VALUES (128, '2020-02-11 05:46:13', NULL, NULL, 10, 512, NULL, NULL);
INSERT INTO `sys_auth` VALUES (130, '2020-02-11 05:46:13', NULL, NULL, 10, 513, NULL, NULL);
INSERT INTO `sys_auth` VALUES (132, '2020-02-11 05:46:13', NULL, NULL, 10, 52, NULL, NULL);
INSERT INTO `sys_auth` VALUES (134, '2020-02-11 05:46:13', NULL, NULL, 10, 521, NULL, NULL);
INSERT INTO `sys_auth` VALUES (136, '2020-02-11 05:46:13', NULL, NULL, 10, 522, NULL, NULL);
INSERT INTO `sys_auth` VALUES (138, '2020-02-11 05:46:13', NULL, NULL, 10, 523, NULL, NULL);
INSERT INTO `sys_auth` VALUES (140, '2020-02-11 05:46:13', NULL, NULL, 10, 53, NULL, NULL);
INSERT INTO `sys_auth` VALUES (142, '2020-02-11 05:46:13', NULL, NULL, 10, 54, NULL, NULL);
INSERT INTO `sys_auth` VALUES (144, '2020-02-11 05:46:14', NULL, NULL, 10, 541, NULL, NULL);
INSERT INTO `sys_auth` VALUES (146, '2020-02-11 05:46:14', NULL, NULL, 10, 542, NULL, NULL);
INSERT INTO `sys_auth` VALUES (148, '2020-02-11 05:47:07', NULL, NULL, 12, 1, NULL, NULL);
INSERT INTO `sys_auth` VALUES (150, '2020-02-11 06:04:55', NULL, NULL, 14, 1, NULL, NULL);
INSERT INTO `sys_auth` VALUES (152, '2020-02-11 06:04:55', NULL, NULL, 14, 3, NULL, NULL);
INSERT INTO `sys_auth` VALUES (154, '2020-02-11 06:04:55', NULL, NULL, 14, 31, NULL, NULL);
INSERT INTO `sys_auth` VALUES (156, '2020-02-11 06:04:55', NULL, NULL, 14, 32, NULL, NULL);
INSERT INTO `sys_auth` VALUES (158, '2020-02-11 06:04:55', NULL, NULL, 14, 33, NULL, NULL);
INSERT INTO `sys_auth` VALUES (160, '2020-02-11 06:04:55', NULL, NULL, 14, 4, NULL, NULL);
INSERT INTO `sys_auth` VALUES (162, '2020-02-11 06:04:55', NULL, NULL, 14, 41, NULL, NULL);
INSERT INTO `sys_auth` VALUES (164, '2020-02-11 06:04:55', NULL, NULL, 14, 42, NULL, NULL);
INSERT INTO `sys_auth` VALUES (166, '2020-02-11 06:04:55', NULL, NULL, 14, 421, NULL, NULL);
INSERT INTO `sys_auth` VALUES (168, '2020-02-11 06:04:55', NULL, NULL, 14, 422, NULL, NULL);
INSERT INTO `sys_auth` VALUES (170, '2020-02-11 06:04:55', NULL, NULL, 14, 43, NULL, NULL);
INSERT INTO `sys_auth` VALUES (172, '2020-02-11 06:04:55', NULL, NULL, 14, 44, NULL, NULL);
INSERT INTO `sys_auth` VALUES (174, '2020-02-11 06:04:55', NULL, NULL, 14, 5, NULL, NULL);
INSERT INTO `sys_auth` VALUES (176, '2020-02-11 06:04:55', NULL, NULL, 14, 51, NULL, NULL);
INSERT INTO `sys_auth` VALUES (178, '2020-02-11 06:04:55', NULL, NULL, 14, 511, NULL, NULL);
INSERT INTO `sys_auth` VALUES (180, '2020-02-11 06:04:55', NULL, NULL, 14, 512, NULL, NULL);
INSERT INTO `sys_auth` VALUES (182, '2020-02-11 06:04:55', NULL, NULL, 14, 513, NULL, NULL);
INSERT INTO `sys_auth` VALUES (184, '2020-02-11 06:04:55', NULL, NULL, 14, 52, NULL, NULL);
INSERT INTO `sys_auth` VALUES (186, '2020-02-11 06:04:55', NULL, NULL, 14, 521, NULL, NULL);
INSERT INTO `sys_auth` VALUES (188, '2020-02-11 06:04:55', NULL, NULL, 14, 522, NULL, NULL);
INSERT INTO `sys_auth` VALUES (190, '2020-02-11 06:04:55', NULL, NULL, 14, 523, NULL, NULL);
INSERT INTO `sys_auth` VALUES (192, '2020-02-11 06:04:55', NULL, NULL, 14, 53, NULL, NULL);
INSERT INTO `sys_auth` VALUES (194, '2020-02-11 06:04:55', NULL, NULL, 14, 54, NULL, NULL);
INSERT INTO `sys_auth` VALUES (196, '2020-02-11 06:04:56', NULL, NULL, 14, 541, NULL, NULL);
INSERT INTO `sys_auth` VALUES (198, '2020-02-11 06:04:56', NULL, NULL, 14, 542, NULL, NULL);
INSERT INTO `sys_auth` VALUES (200, '2020-02-11 12:59:44', NULL, 4, NULL, NULL, 2, NULL);
INSERT INTO `sys_auth` VALUES (202, '2020-02-11 12:59:44', NULL, NULL, 14, NULL, 2, NULL);
INSERT INTO `sys_auth` VALUES (204, '2020-02-11 13:19:30', NULL, 1, NULL, NULL, 4, NULL);
INSERT INTO `sys_auth` VALUES (206, '2020-02-11 13:19:30', NULL, NULL, 1, NULL, 4, NULL);
INSERT INTO `sys_auth` VALUES (212, '2020-02-11 14:09:15', NULL, 4, NULL, NULL, 6, NULL);
INSERT INTO `sys_auth` VALUES (214, '2020-02-11 14:09:16', NULL, NULL, 14, NULL, 6, NULL);
INSERT INTO `sys_auth` VALUES (216, '2020-02-13 05:37:30', NULL, NULL, 1, 550, NULL, NULL);
INSERT INTO `sys_auth` VALUES (218, '2020-02-13 07:38:19', NULL, NULL, 14, 2, NULL, NULL);
INSERT INTO `sys_auth` VALUES (220, '2020-02-13 07:38:19', NULL, NULL, 14, 21, NULL, NULL);
INSERT INTO `sys_auth` VALUES (222, '2020-02-13 07:38:19', NULL, NULL, 14, 22, NULL, NULL);
INSERT INTO `sys_auth` VALUES (224, '2020-02-13 07:38:19', NULL, NULL, 14, 23, NULL, NULL);
INSERT INTO `sys_auth` VALUES (226, '2020-02-13 07:38:19', NULL, NULL, 14, 24, NULL, NULL);
INSERT INTO `sys_auth` VALUES (228, '2020-02-13 07:38:19', NULL, NULL, 14, 550, NULL, NULL);
INSERT INTO `sys_auth` VALUES (230, '2020-02-16 03:52:40', NULL, NULL, 1, 552, NULL, NULL);
INSERT INTO `sys_auth` VALUES (232, '2020-02-16 03:52:40', NULL, NULL, 1, 554, NULL, NULL);
INSERT INTO `sys_auth` VALUES (234, '2020-02-16 03:52:40', NULL, NULL, 1, 556, NULL, NULL);
INSERT INTO `sys_auth` VALUES (236, '2020-02-16 03:52:40', NULL, NULL, 1, 558, NULL, NULL);

-- ----------------------------
-- Table structure for sys_data
-- ----------------------------
DROP TABLE IF EXISTS `sys_data`;
CREATE TABLE `sys_data`  (
  `id` bigint(0) NOT NULL AUTO_INCREMENT,
  `f_id` bigint(0) DEFAULT NULL,
  `insert_time` datetime(0) DEFAULT NULL,
  `name` varchar(200) CHARACTER SET utf8mb4 COLLATE utf8mb4_0900_ai_ci DEFAULT NULL,
  `update_time` datetime(0) DEFAULT NULL,
  PRIMARY KEY (`id`) USING BTREE,
  UNIQUE INDEX `UKbm176q8ontvekicvvavbiqvfm`(`name`) USING BTREE
) ENGINE = InnoDB AUTO_INCREMENT = 5 CHARACTER SET = utf8mb4 COLLATE = utf8mb4_0900_ai_ci ROW_FORMAT = Dynamic;

-- ----------------------------
-- Records of sys_data
-- ----------------------------
INSERT INTO `sys_data` VALUES (1, NULL, '2019-07-20 11:28:29', 'xlwj', NULL);
INSERT INTO `sys_data` VALUES (4, NULL, '2020-02-11 08:34:22', '测1', NULL);

-- ----------------------------
-- Table structure for sys_id
-- ----------------------------
DROP TABLE IF EXISTS `sys_id`;
CREATE TABLE `sys_id`  (
  `id` bigint(0) NOT NULL AUTO_INCREMENT,
  `insert_time` datetime(0) DEFAULT NULL,
  `update_time` datetime(0) DEFAULT NULL,
  PRIMARY KEY (`id`) USING BTREE
) ENGINE = InnoDB AUTO_INCREMENT = 112 CHARACTER SET = utf8mb4 COLLATE = utf8mb4_0900_ai_ci ROW_FORMAT = Dynamic;

-- ----------------------------
-- Records of sys_id
-- ----------------------------
INSERT INTO `sys_id` VALUES (1, '2019-05-18 13:53:39', NULL);
INSERT INTO `sys_id` VALUES (2, '2019-05-18 13:53:40', NULL);
INSERT INTO `sys_id` VALUES (3, '2019-05-18 18:36:19', NULL);
INSERT INTO `sys_id` VALUES (4, '2019-05-19 09:29:26', NULL);
INSERT INTO `sys_id` VALUES (5, '2019-05-19 09:29:27', NULL);
INSERT INTO `sys_id` VALUES (6, '2019-05-19 09:30:13', NULL);
INSERT INTO `sys_id` VALUES (7, '2019-05-19 09:30:34', NULL);
INSERT INTO `sys_id` VALUES (8, '2019-05-19 09:30:59', NULL);
INSERT INTO `sys_id` VALUES (9, '2019-05-19 09:31:35', NULL);
INSERT INTO `sys_id` VALUES (10, '2019-05-19 09:31:44', NULL);
INSERT INTO `sys_id` VALUES (11, '2019-05-19 09:33:05', NULL);
INSERT INTO `sys_id` VALUES (12, '2019-05-19 09:35:00', NULL);
INSERT INTO `sys_id` VALUES (13, '2019-05-19 09:35:28', NULL);
INSERT INTO `sys_id` VALUES (14, '2019-05-19 09:35:29', NULL);
INSERT INTO `sys_id` VALUES (15, '2019-05-19 09:35:30', NULL);
INSERT INTO `sys_id` VALUES (16, '2019-05-19 09:37:54', NULL);
INSERT INTO `sys_id` VALUES (17, '2019-05-19 09:37:55', NULL);
INSERT INTO `sys_id` VALUES (18, '2019-05-19 09:37:56', NULL);
INSERT INTO `sys_id` VALUES (19, '2019-05-19 09:41:13', NULL);
INSERT INTO `sys_id` VALUES (20, '2019-05-19 09:41:25', NULL);
INSERT INTO `sys_id` VALUES (21, '2019-05-19 09:41:34', NULL);
INSERT INTO `sys_id` VALUES (22, '2019-05-19 13:22:37', NULL);
INSERT INTO `sys_id` VALUES (23, '2019-05-19 13:22:39', NULL);
INSERT INTO `sys_id` VALUES (24, '2019-05-19 13:23:43', NULL);
INSERT INTO `sys_id` VALUES (25, '2019-05-19 13:32:04', NULL);
INSERT INTO `sys_id` VALUES (26, '2019-05-19 13:32:34', NULL);
INSERT INTO `sys_id` VALUES (27, '2019-05-19 13:37:06', NULL);
INSERT INTO `sys_id` VALUES (28, '2019-05-19 13:37:11', NULL);
INSERT INTO `sys_id` VALUES (111, '2019-07-06 08:57:59', NULL);

-- ----------------------------
-- Table structure for sys_role_data
-- ----------------------------
DROP TABLE IF EXISTS `sys_role_data`;
CREATE TABLE `sys_role_data`  (
  `id` bigint(0) NOT NULL AUTO_INCREMENT,
  `insert_time` datetime(0) DEFAULT NULL,
  `name` varchar(200) CHARACTER SET utf8mb4 COLLATE utf8mb4_0900_ai_ci DEFAULT NULL,
  `update_time` datetime(0) DEFAULT NULL,
  PRIMARY KEY (`id`) USING BTREE,
  UNIQUE INDEX `UKr8s3r2neu1wa1ykwfen2w1oih`(`name`) USING BTREE
) ENGINE = InnoDB AUTO_INCREMENT = 21 CHARACTER SET = utf8mb4 COLLATE = utf8mb4_0900_ai_ci ROW_FORMAT = Dynamic;

-- ----------------------------
-- Records of sys_role_data
-- ----------------------------
INSERT INTO `sys_role_data` VALUES (1, '2019-07-20 11:40:06', 'super', NULL);
INSERT INTO `sys_role_data` VALUES (4, '2020-02-11 06:03:59', '测试数据角色', NULL);
INSERT INTO `sys_role_data` VALUES (18, '2020-02-13 02:39:35', '测试1', NULL);
INSERT INTO `sys_role_data` VALUES (20, '2020-02-13 02:39:43', '测试2', NULL);

-- ----------------------------
-- Table structure for sys_role_route
-- ----------------------------
DROP TABLE IF EXISTS `sys_role_route`;
CREATE TABLE `sys_role_route`  (
  `id` bigint(0) NOT NULL AUTO_INCREMENT,
  `insert_time` datetime(0) DEFAULT NULL,
  `name` varchar(200) CHARACTER SET utf8mb4 COLLATE utf8mb4_0900_ai_ci DEFAULT NULL,
  `update_time` datetime(0) DEFAULT NULL,
  PRIMARY KEY (`id`) USING BTREE,
  UNIQUE INDEX `UKlyyy032y3gh7eh5wkxato3iwu`(`name`) USING BTREE
) ENGINE = InnoDB AUTO_INCREMENT = 15 CHARACTER SET = utf8mb4 COLLATE = utf8mb4_0900_ai_ci ROW_FORMAT = Dynamic;

-- ----------------------------
-- Records of sys_role_route
-- ----------------------------
INSERT INTO `sys_role_route` VALUES (1, '2019-07-20 11:38:07', 'super', '2020-02-16 04:51:30');
INSERT INTO `sys_role_route` VALUES (14, '2020-02-11 06:04:55', '测试路由角色', NULL);

-- ----------------------------
-- Table structure for sys_route
-- ----------------------------
DROP TABLE IF EXISTS `sys_route`;
CREATE TABLE `sys_route`  (
  `id` bigint(0) NOT NULL AUTO_INCREMENT,
  `f_id` bigint(0) DEFAULT NULL,
  `insert_time` datetime(0) DEFAULT NULL,
  `name` varchar(200) CHARACTER SET utf8mb4 COLLATE utf8mb4_0900_ai_ci DEFAULT NULL,
  `seq` int(0) DEFAULT 0,
  `type` int(0) DEFAULT 0,
  `update_time` datetime(0) DEFAULT NULL,
  PRIMARY KEY (`id`) USING BTREE,
  UNIQUE INDEX `UKo4ykj571lcsp793xi7dl64oty`(`name`) USING BTREE
) ENGINE = InnoDB AUTO_INCREMENT = 559 CHARACTER SET = utf8mb4 COLLATE = utf8mb4_0900_ai_ci ROW_FORMAT = Dynamic;

-- ----------------------------
-- Records of sys_route
-- ----------------------------
INSERT INTO `sys_route` VALUES (1, NULL, '2019-07-20 11:30:30', 'index', 0, 0, NULL);
INSERT INTO `sys_route` VALUES (2, NULL, '2019-07-20 11:30:30', 'jxc', 1, 0, NULL);
INSERT INTO `sys_route` VALUES (3, NULL, '2019-07-20 11:30:30', 'admin', 2, 0, NULL);
INSERT INTO `sys_route` VALUES (4, NULL, '2019-07-20 11:30:30', 'system', 3, 0, NULL);
INSERT INTO `sys_route` VALUES (5, NULL, '2019-07-20 11:30:30', 'funShow', 4, 0, NULL);
INSERT INTO `sys_route` VALUES (21, 2, '2019-07-20 11:30:30', 'goods', 0, 0, NULL);
INSERT INTO `sys_route` VALUES (22, 3, '2019-07-20 11:30:30', 'lable', 2, 0, NULL);
INSERT INTO `sys_route` VALUES (23, 2, '2019-07-20 11:30:30', 'stock', 3, 0, NULL);
INSERT INTO `sys_route` VALUES (24, 2, '2019-07-20 11:30:30', 'cust', 4, 0, NULL);
INSERT INTO `sys_route` VALUES (31, 4, '2019-07-20 11:30:30', 'role', 0, 0, NULL);
INSERT INTO `sys_route` VALUES (32, 4, '2019-07-20 11:30:30', 'user', 1, 0, NULL);
INSERT INTO `sys_route` VALUES (33, 4, '2019-08-03 16:27:47', 'permission', 2, 0, NULL);
INSERT INTO `sys_route` VALUES (41, 4, '2019-07-20 11:30:30', 'icons', 0, 0, NULL);
INSERT INTO `sys_route` VALUES (42, 4, '2019-07-20 11:30:30', 'errorPages', 1, 0, NULL);
INSERT INTO `sys_route` VALUES (43, 4, '2019-07-20 11:30:30', 'theme', 2, 0, NULL);
INSERT INTO `sys_route` VALUES (44, 4, '2019-07-20 11:30:30', 'i18n', 3, 0, NULL);
INSERT INTO `sys_route` VALUES (51, 5, '2019-07-20 11:30:30', 'components', 0, 0, NULL);
INSERT INTO `sys_route` VALUES (52, 5, '2019-07-20 11:30:30', 'charts', 1, 0, NULL);
INSERT INTO `sys_route` VALUES (53, 5, '2019-07-20 11:30:30', 'tab', 2, 0, NULL);
INSERT INTO `sys_route` VALUES (54, 5, '2019-07-20 11:30:30', 'table', 3, 0, NULL);
INSERT INTO `sys_route` VALUES (421, 42, '2019-07-20 11:30:30', 'page401', 0, 0, NULL);
INSERT INTO `sys_route` VALUES (422, 42, '2019-07-20 11:30:30', 'page404', 1, 0, NULL);
INSERT INTO `sys_route` VALUES (511, 51, '2019-07-20 11:30:30', 'dragDialog', 0, 0, NULL);
INSERT INTO `sys_route` VALUES (512, 51, '2019-07-20 11:30:30', 'dndList', 1, 0, NULL);
INSERT INTO `sys_route` VALUES (513, 51, '2019-07-20 11:30:30', 'dragKanban', 2, 0, NULL);
INSERT INTO `sys_route` VALUES (521, 52, '2019-07-20 11:30:30', 'keyboardChart', 3, 0, NULL);
INSERT INTO `sys_route` VALUES (522, 52, '2019-07-20 11:30:30', 'lineChart', 4, 0, NULL);
INSERT INTO `sys_route` VALUES (523, 52, '2019-07-20 11:30:30', 'mixChart', 5, 0, NULL);
INSERT INTO `sys_route` VALUES (541, 54, '2019-07-20 11:30:30', 'inlineEditTable', 0, 0, NULL);
INSERT INTO `sys_route` VALUES (542, 54, '2019-07-20 11:30:30', 'complexTable', 1, 0, NULL);
INSERT INTO `sys_route` VALUES (550, 2, '2020-02-13 04:43:20', 'purchase', 0, 0, '2020-02-16 03:51:22');
INSERT INTO `sys_route` VALUES (552, 2, '2020-02-16 03:51:36', 'sales', 5, 0, '2020-02-16 04:03:35');
INSERT INTO `sys_route` VALUES (554, 3, '2020-02-16 03:51:48', 'picture', 7, 0, '2020-02-16 04:03:41');
INSERT INTO `sys_route` VALUES (556, 3, '2020-02-16 03:51:57', 'unit', 3, 0, '2020-02-16 04:03:47');
INSERT INTO `sys_route` VALUES (558, 2, '2020-02-16 03:52:13', 'supplier', 5, 0, '2020-02-20 17:06:35');

-- ----------------------------
-- Table structure for sys_user
-- ----------------------------
DROP TABLE IF EXISTS `sys_user`;
CREATE TABLE `sys_user`  (
  `id` bigint(0) NOT NULL AUTO_INCREMENT,
  `insert_time` datetime(0) DEFAULT NULL,
  `level` varchar(200) CHARACTER SET utf8mb4 COLLATE utf8mb4_0900_ai_ci DEFAULT NULL,
  `password` varchar(200) CHARACTER SET utf8mb4 COLLATE utf8mb4_0900_ai_ci DEFAULT NULL,
  `status` varchar(200) CHARACTER SET utf8mb4 COLLATE utf8mb4_0900_ai_ci DEFAULT NULL,
  `username` varchar(200) CHARACTER SET utf8mb4 COLLATE utf8mb4_0900_ai_ci DEFAULT NULL,
  `update_time` datetime(0) DEFAULT NULL,
  PRIMARY KEY (`id`) USING BTREE,
  UNIQUE INDEX `UK_51bvuyvihefoh4kp5syh2jpi4`(`username`) USING BTREE,
  UNIQUE INDEX `UK51bvuyvihefoh4kp5syh2jpi4`(`username`) USING BTREE
) ENGINE = InnoDB AUTO_INCREMENT = 7 CHARACTER SET = utf8mb4 COLLATE = utf8mb4_0900_ai_ci ROW_FORMAT = Dynamic;

-- ----------------------------
-- Records of sys_user
-- ----------------------------
INSERT INTO `sys_user` VALUES (1, '2020-02-10 10:00:51', 'super', '19ee1f75b9174f927d79c73f810e173f5305d33b', 'able', 'admin', NULL);
INSERT INTO `sys_user` VALUES (6, '2020-02-11 14:09:05', 'super', '36592d5d0c281ade34b8025e2f06cf460d6e785e', 'able', 'test', '2020-02-13 07:28:23');

SET FOREIGN_KEY_CHECKS = 1;
