"id","insert_time","update_time"
"1","18/5/2019 13:53:39",
"2","18/5/2019 13:53:40",
"3","18/5/2019 18:36:19",
"4","19/5/2019 09:29:26",
"5","19/5/2019 09:29:27",
"6","19/5/2019 09:30:13",
"7","19/5/2019 09:30:34",
"8","19/5/2019 09:30:59",
"9","19/5/2019 09:31:35",
"10","19/5/2019 09:31:44",
"11","19/5/2019 09:33:05",
"12","19/5/2019 09:35:00",
"13","19/5/2019 09:35:28",
"14","19/5/2019 09:35:29",
"15","19/5/2019 09:35:30",
"16","19/5/2019 09:37:54",
"17","19/5/2019 09:37:55",
"18","19/5/2019 09:37:56",
"19","19/5/2019 09:41:13",
"20","19/5/2019 09:41:25",
"21","19/5/2019 09:41:34",
"22","19/5/2019 13:22:37",
"23","19/5/2019 13:22:39",
"24","19/5/2019 13:23:43",
"25","19/5/2019 13:32:04",
"26","19/5/2019 13:32:34",
"27","19/5/2019 13:37:06",
"28","19/5/2019 13:37:11",
"111","6/7/2019 08:57:59",
